Timestamp,Verified?,Link,Name,OS,Mountain,Select TT Challenge.10,Enter time as (sec).(mil) EX: 62.69.10,Select HS Challenge.10,Enter score as just a number.10,Challenge Type.9,Was WR,Unnamed: 69,challenge name,type,score,chaltype
2021-02-04 21:13:11,Yes,https://drive.google.com/open?id=19hk-2g9Uruin5ymvxbMeRW8KhUuSajRm,hschindele,iOS,Hirschalm,,,,,,TRUE,Race,The First Turns,Time trial,27.12,Race
2021-04-02 9:51:22,Yes,https://drive.google.com/open?id=1a1aK7ajlS78hilRvaYAj4K3mYSogwXil,hschindele,iOS,Hirschalm,,,,,,TRUE,Trail,Sightseeing Tour,Time trial,21.87,Trail
2021-01-04 17:34:55,Yes,https://drive.google.com/open?id=1OPjfQVQ48I3-GKSVSxU8OI5JMJsldl5T,hschindele,iOS,Elnakka,,,,,,TRUE,Race,The Perfect Turns,Time trial,13.64,Race
2021-04-08 21:34:02,Yes,https://drive.google.com/open?id=1y51-K8cJXYH9p4Cm9tPz25hmEUGkEoPI,hschindele,iOS,Hirschalm,,,,,,TRUE,Race,The Winding Road,Time trial,36.62,Race
2021-09-24 8:12:31,Yes,https://drive.google.com/open?id=1dEElUXmcDUO4PWIReXiQTlyK5LQmfk0p,hschindele,iOS,Hirschalm,,,,,,TRUE,,The Little Adventure,Time trial,25.6,Race
2022-01-24 13:12:15,Yes,https://drive.google.com/open?id=1wnEA0f2viehBWOGgIa0G4T1IY1on1phG,Avel,iOS,Passo Grolla,,,,,,TRUE,,La Transitions,Time trial,9.08,Trail
2020-12-16 9:35:20,Yes,https://drive.google.com/open?id=1XZvOBV5rlBEtX1_YOhEmH4tZLy3ORYBm,hschindele,iOS,Waldtal,,,,,,TRUE,Race,Selme Valley Race,Time trial,46.94,Race
2021-11-24 12:47:04,Yes,https://drive.google.com/open?id=1O8ojrS89ZccfkiR_gSCGSIrjXz74qHjs,hschindele,iOS,Passo Grolla,,,,,,,,Twisty Rosso,Time trial,27.21,Race
2020-12-18 12:21:12,Yes,https://drive.google.com/open?id=1Sewh1a1EmtyYxaUCM5ge3Zb7sFzQPNqv,hschindele,iOS,Waldtal,,,,,,TRUE,Trail,Little Drops,Time trial,9.96,Trail
2022-02-15 18:05:02,Yes,https://drive.google.com/open?id=1ljC_n62qPkZzpjrXpnv3hrMB6ugEAoT_,hschindele,iOS,Waldtal,,,,,,TRUE,,Gemsgully Whites,Time trial,30.91,Race
2021-09-30 10:27:53,Yes,https://drive.google.com/open?id=163Fr-2W8RIVQVCrLpNcAOhOIdFZBQxpK,Mountain_Greg,Android,Waldtal,,,,,,TRUE,,Waldhorn Voyage,Time trial,53.48,TTB
2022-03-21 6:20:40,Yes,https://drive.google.com/open?id=1g4wtrg9sda3OL5f3d1wTtgtGEn9UWcmv,Jamiemac,Android,Ben Ailig,,,,,,TRUE,,The Swindler,Time Trial,22.99,Race
2021-02-04 21:53:21,Yes,https://drive.google.com/open?id=16fgYabBTE88yEvV5nmj4fYAdW0Rw4cs2,hschindele,iOS,Hirschalm,,,,,,TRUE,Race,The Offpist Trail,Time trial,30.73,Race
2022-02-15 19:57:30,Yes,https://drive.google.com/open?id=1M6V0Q9PDMhQJyTALgPqGLHBz-Y9Prk3p,hschindele,iOS,Waldtal,,,,,,TRUE,,The Woodland Track,Time trial,20.33,Race
2020-12-20 12:02:01,Yes,https://drive.google.com/open?id=13yvrpeyz88yB_KrahN04crgSmZvGCtGR,hschindele,iOS,Elnakka,,,,,,TRUE,Race,The Path Finder,Time trial,33.58,Race
2020-11-15 21:04:16,Yes,https://drive.google.com/open?id=1pdzZw9NHyZnAyItPlRNCuXBrZzZq2a3-,hschindele,iOS,Elnakka,,,,,,TRUE,Race,Super G,Time trial,36.51,Race
2022-03-04 12:24:44,Yes,https://drive.google.com/open?id=1zXf55c21rBr1CizQgFdtBL0KewZ_poCv,Avel,iOS,Elnakka,,,,,,TRUE,,Ellnau Shoulder Track,Time trial,29.73,Race
2021-05-02 16:51:25,Yes,https://drive.google.com/open?id=17co04rZHRuTol4G_o1-vjZYadPy4fBoR,hschindele,iOS,Elnakka,,,,,,TRUE,Trail,Forest Excursion,Time trial,20.62,Trail
2021-12-21 10:25:47,Yes,https://drive.google.com/open?id=1jtFR6xKY-89mhRxM1HDkcqAN-OZspgKX,hschindele,iOS,Elnakka,,,,,,TRUE,,Elnakka West,Time trial,25.5,TTB
2021-12-18 8:24:03,Yes,https://drive.google.com/open?id=1NQ_vEToWOrxkf4q1w5wuVGLW4afS-BEX,hschindele,iOS,Elnakka,,,,,,TRUE,,Across The Clover Ridge,Time trial,38.11,Trail
2021-04-26 14:33:40,Yes,https://drive.google.com/open?id=1H23fq0IYivvZTr1n1GShhdDPb7qVUEQu,BouncyJello,Android,Dalarna,,,,,,TRUE,Race,Malung Scooter Club,Time trial,29.42,Race
2021-03-29 9:41:28,Yes,https://drive.google.com/open?id=10sPJoAWxOSoa4MU_4_So_4RPLJn0lyme,hschindele,iOS,Dalarna,,,,,,TRUE,Race,Follow The Trails Of Wasa,Time trial,27.0,Race
2021-06-25 15:54:22,Yes,https://drive.google.com/open?id=1M3Pd-GMp2_OkdULAdfwPp781KWckWJLF,BouncyJello,Android,Dalarna,,,,,,TRUE,Race,Zick Zack The Lift,Time trial,29.77,Race
2021-03-04 21:19:42,Yes,https://drive.google.com/open?id=1hEgkApS-w3mWVIM4rKczV98ivbrOzrTu,hschindele,iOS,Dalarna,,,,,,TRUE,Race,Follow The Tracks,Time trial,30.61,Race
2021-05-04 16:11:38,Yes,https://drive.google.com/open?id=19f9JfLI5NWzvC548aki74O4mvIXUA3bw,BouncyJello,Android,Dalarna,,,,,,TRUE,Race,The Clearcut,Time trial,25.98,Race
2021-03-05 14:55:56,Yes,https://drive.google.com/open?id=1UtLN2BLJPRZ3xdLUpIH6MQ3tiZAN-U59,hschindele,iOS,Dalarna,,,,,,TRUE,Trail,Mora Barnyards,Time trial,22.72,Trail
2021-12-30 14:32:47,Yes,https://drive.google.com/open?id=1eNNAzw-UTzHbSFpQF0DvCvFU_XUuhvVF,Avel,iOS,Dalarna,,,,,,TRUE,,Leksand Rail,Time trial,17.64,Trail
2021-04-07 13:55:35,Yes,https://drive.google.com/open?id=1aDbcuQ6te9lacZ-a1JaTYcr_snIVoL2f,hschindele,iOS,Dalarna,,,,,,TRUE,Trail,Thru Alvdalen,Time trial,18.71,Trail
2021-11-25 4:16:53,Yes,https://drive.google.com/open?id=1nD0b-F5ZUgG-S8S1e7K-RnmqSJn75Aix,Mountain_Greg,Android,Dalarna,,,,,,TRUE,,Dalarna Voyage,Time trial,36.87,TTB
2021-06-18 10:12:00,Yes,https://drive.google.com/open?id=1RCkMI13684Hsq6SR9MBS9WBu8nzIbJY2,hschindele,iOS,Dalarna,,,,,,TRUE,Trail,Drifting The Frozen Lake,Time trial,8.73,Trail
2021-02-16 20:44:08,Yes,https://drive.google.com/open?id=1i6ZoWOMiC9P2QwEk3FiTy0ksy894Ltzw,hschindele,iOS,Rotkamm,,,,,,TRUE,Trail,Gross Air,Time trial,9.0,Trail
2021-04-07 14:35:29,Yes,https://drive.google.com/open?id=1ZJ5kf8QUgDcbFBZg5ja3MMxPFn9mXfrh,hschindele,iOS,Rotkamm,,,,,,TRUE,Trail,Sketchy Bears,Time trial,22.5,Trail
2021-05-10 15:03:09,Yes,https://drive.google.com/open?id=1yhjU87QsgWcs6D3Z3vlZgik0dXh_sv1s,hschindele,iOS,Rotkamm,,,,,,TRUE,Trail,Slippery Slope,Time trial,21.75,Trail
2021-06-17 10:35:57,Yes,https://drive.google.com/open?id=1OSaMZtRkX_PwX8YsTImX7EKBaC2_XwnA,hschindele,iOS,Rotkamm,,,,,,TRUE,Trail,Precision Drops,Time trial,15.42,Trail
2021-05-10 10:10:42,Yes,https://drive.google.com/open?id=1WZBBewBILYg_lDxs8ELQv3A2INzlzVvs,hschindele,iOS,Rotkamm,,,,,,TRUE,Trail,Staying Between The Stones,Time trial,23.87,Trail
2021-04-01 14:37:13,Yes,https://drive.google.com/open?id=1eIFytAvsUyFuddaqig7hWUCacbJ302qU,hschindele,iOS,Saint Luvette,,,,,,TRUE,Race,Les Ruins,Time trial,22.96,Race
2021-06-17 11:24:59,Yes,https://drive.google.com/open?id=1UrkNp3rWdgrtxslXNt8xM6DPTt1ahCws,hschindele,iOS,Saint Luvette,,,,,,TRUE,Trail,The Traverse,Time trial,13.27,Trail
2021-07-17 12:02:51,Yes,https://drive.google.com/open?id=1nOP-hKw_s3EsVym8Kukegkyyrmx9X6Mf,hschindele,iOS,Passo Grolla,,,,,,TRUE,Race,Maniaco,Time trial,17.65,Race
2021-06-21 9:11:42,Yes,https://drive.google.com/open?id=1RIMAAFW7cUJA--owPcZnbZXrQ-6RjRWP,hschindele,iOS,Passo Grolla,,,,,,TRUE,Trail,Elasto Mania Uno,Time trial,14.57,Trail
2021-06-17 16:02:37,Yes,https://drive.google.com/open?id=1YcGJf8lb4el3wNxCmCcUySRuBlhnv6HN,hschindele,iOS,Passo Grolla,,,,,,TRUE,Trail,Carosello Tre,Time trial,14.87,Trail
2021-06-30 6:33:19,Yes,https://drive.google.com/open?id=1m6xJhtaVd5eVcKpIlO-0LlPBX-VIPtaA,Mountain_Greg,Android,Passo Grolla,,,,,,TRUE,TTB,Luppolo,Time trial,22.49,TTB
2021-05-06 3:20:34,Yes,https://drive.google.com/open?id=1937ZiLtlt3n_MjTR7W9vz2QNxOxqbKvl,Ryan Monty,Android,Passo Grolla,,,,,,TRUE,Race,Glacier skipping,Time trial,43.33,Race
2020-12-28 23:25:59,Yes,https://drive.google.com/open?id=14RG1edXrXXcKT96xXbcZDboA9iOIl8kt,hschindele,iOS,Ben Ailig,,,,,,TRUE,Race,Ailigs Turn,Time Trial,20.31,Race
2020-11-18 15:20:27,Yes,https://drive.google.com/open?id=1GjF5Cf6pafONJOdztfXoD9bbjXKs90Hf,hschindele,iOS,Ben Ailig,,,,,,TRUE,Race,Rocket Rails,Time Trial,23.21,Race
2021-01-13 21:57:44,Yes,https://drive.google.com/open?id=1Ys8M4Em_5D2L_nNXYhPe2Ywe5SnGZBxc,James :),Android,Ben Ailig,,,,,,TRUE,Race,Rangers Ground,Time Trial,16.72,Race
2021-03-10 19:09:23,Yes,https://drive.google.com/open?id=1PmGwz7Th51Jrq_84l_569_ruRNunSRm7,hschindele,iOS,Ben Ailig,,,,,,TRUE,Race,Rangers Clais,Time Trial,23.42,Race
2021-03-10 13:10:09,Yes,https://drive.google.com/open?id=1HEXYWJT0MYgROpe-jgdGuuhC2ffPNGFd,hschindele,iOS,Ben Ailig,,,,,,TRUE,Race,Flower Race,Time Trial,19.24,Race
2021-05-05 12:11:45,Yes,https://drive.google.com/open?id=1_wdBJU6BSYRPZfAEZUAjHBId-zcG8ELs,hschindele,iOS,Ben Ailig,,,,,,TRUE,Race,The Feather Turns,Time Trial,33.23,Race
2021-06-19 21:45:39,Yes,https://drive.google.com/open?id=1A0bmih6wxlh9OQWYhrd32OouKrCuBsDe,hschindele,iOS,Ben Ailig,,,,,,TRUE,Race,Straight Lining,Time Trial,6.69,Race
2020-12-16 9:40:43,Yes,https://drive.google.com/open?id=1Xt7fGQtJMVgc9lvwGUjEd18vxmNnMrGn,hschindele,iOS,Ben Ailig,,,,,,TRUE,Trail,The Water Slide,Time Trial,6.53,Trail
2021-05-10 16:57:33,Yes,https://drive.google.com/open?id=1VaTUfnii9NhaMK2cNFAuIfUkrlLB-gJo,hschindele,iOS,Ben Ailig,,,,,,TRUE,Trail,Clais Each,Time Trial,18.04,Trail
2021-01-15 17:43:12,Yes,https://drive.google.com/open?id=1yQx7awjrDsg79QXrs0smthKrrtevP6Rm,hschindele,iOS,Ben Ailig,,,,,,TRUE,Trail,The Doon Whiteout,Time Trial,9.96,Trail
2021-03-10 13:09:02,Yes,https://drive.google.com/open?id=1mp7FLt4SYc44ADuhS12J3JMUYIDp5Cy2,hschindele,iOS,Ben Ailig,,,,,,TRUE,Trail,The Grasshopper,Time Trial,31.82,Trail
2021-05-05 12:50:43,Yes,https://drive.google.com/open?id=1bkG6mJnEDQObHLCezHhkVZbCYZJ7LDRw,hschindele,iOS,Ben Ailig,,,,,,TRUE,Trail,The Switch,Time Trial,9.63,Trail
2022-03-21 3:19:26,Yes,https://drive.google.com/open?id=1yg1QCHtfE8Oavi5nXW2H3lVtfMBZpyKP,Avel,iOS,Ben Ailig,,,,,,TRUE,,Raiders Run,Time Trial,18.41,Trail
2021-05-07 11:10:00,Yes,https://drive.google.com/open?id=1j8tdPIe_Khp48T5JgGlfPUbuNjWJbtSE,Ryan Monty,Android,Ben Ailig,,,,,,TRUE,Trail,Donn Meall Trials,Time Trial,29.62,Trail
2021-03-10 13:09:39,Yes,https://drive.google.com/open?id=19zAFE9eHN6RZ3RYfn84PrN7fNzN-zITc,hschindele,iOS,Ben Ailig,,,,,,TRUE,Trail,The Stripes,Time Trial,25.2,Trail
2022-03-04 12:22:00,Yes,https://drive.google.com/open?id=1oMH-D8PZHCeoGaldwWh6HJGViv3YZZer,Avel,iOS,Ben Ailig,,,,,,TRUE,,The Fearless,Time Trial,21.41,Trail
2021-06-18 10:42:05,Yes,https://drive.google.com/open?id=18z8b0gG6cDt2PJS0gbXHEGIkCC8gz8nu,hschindele,iOS,Ben Ailig,,,,,,TRUE,Trail,The Chase,Time Trial,29.22,Trail
2021-03-22 17:08:37,Yes,https://drive.google.com/open?id=1BCcXZrdniUz0eAt7NX1fjXPW36nHQaX8,hschindele,iOS,Ben Ailig,,,,,,TRUE,TTB,The Freedom Run,Time Trial,39.62,TTB
2021-10-09 13:50:39,Yes,https://drive.google.com/open?id=13cD7hhlQulKQVY9SAgT-MwcFxBMMDJLH,Mountain_Greg,Android,Ben Ailig,,,,,,TRUE,,Aileigs Adventure,Time Trial,51.42,TTB
2022-02-14 13:05:24,Yes,https://drive.google.com/open?id=1Xz1ovmvlUGll7SofhrRbxIQ2T0vNmgNn,hschindele,iOS,Elnakka,,,,,,TRUE,,Ellnau River Rush,Time trial,21.09,Trail
2020-12-19 12:31:58,Yes,https://drive.google.com/open?id=1LSA6umZotsEC-Lfda_tukJS4Z6_8a_SP,hschindele,iOS,Waldtal,,,,,,TRUE,Race,Peak To Valley Run,Time trial,49.3,Race
2020-12-25 16:13:08,Yes,https://drive.google.com/open?id=1ZGIhyDZ3Fldp141jIHWMoWHSoy3MfPlq,hschindele,iOS,Passo Grolla,,,,,,TRUE,Race,The Wanderer,Time trial,12.71,Race
2021-06-16 19:46:09,Yes,https://drive.google.com/open?id=1svwZCXVe8VIvIPPLdMVKyEObcIjZV70M,hschindele,iOS,Passo Grolla,,,,,,TRUE,Trail,Rockerfeller,Time trial,12.75,Trail
2022-03-11 8:48:18,Yes,https://drive.google.com/open?id=1-I8rzk-dRbxK555eRj_ZexW3oaViX4Sc,TheNameless,Android,Waldtal,,,,,,TRUE,,The Woodland Slalom,Time trial,22.87,Race
2021-10-31 6:58:59,Yes,https://drive.google.com/open?id=1hUIuBnbSrBBNDjxff5gh-lHotEafypYz,Avel,iOS,Passo Grolla,,,,,,TRUE,,Peak avalanche escape,Time trial,30.51,Race
2022-02-24 8:50:05,Yes,https://drive.google.com/open?id=1L4angK8LdLNDGKu89_nIz32e4IUGxtq5,hschindele,iOS,Passo Grolla,,,,,,TRUE,,Tombola,Time trial,18.97,Race
2021-06-16 17:53:31,Yes,https://drive.google.com/open?id=1ZXWwAO7tOHkDRVUXIMNnoFUYJ0ya48bw,hschindele,iOS,Passo Grolla,,,,,,TRUE,Race,Shards,Time trial,25.39,Race
2021-07-26 12:46:30,Yes,https://drive.google.com/open?id=1p-SmjmLj4kGa2pnVAOoD23zeFHRd7n5v,Mountain_Greg,Android,Saint Luvette,,,,,,TRUE,TTB,Full Luvette,Time trial,46.8,TTB
2021-02-24 13:33:03,Yes,https://drive.google.com/open?id=1wfMsViCrOEAq3octxJke7VB136hBCyyU,hschindele,iOS,Saint Luvette,,,,,,TRUE,Trail,Route Extreme,Time trial,37.52,Trail
2021-09-28 14:37:56,Yes,https://drive.google.com/open?id=1hb9IykWf0Z40jSnlt3At9fIgQqE5LZ96,Avel,iOS,Passo Grolla,,,,,,TRUE,,La Bomba,Time trial,9.08,Race
2021-03-05 14:58:07,Yes,https://drive.google.com/open?id=1s8M9LUMKK3K-ba_1zY0Q_ftyW0TQqirK,hschindele,iOS,Saint Luvette,,,,,,TRUE,Trail,Le Coq,Time trial,31.73,Trail
2022-02-27 13:20:39,Yes,https://drive.google.com/open?id=1Y1SHy0GeCmOmizwOax4Z9GTvzUiq9aJa,hschindele,iOS,Saint Luvette,,,,,,TRUE,,Saut de pic,Time trial,10.32,Trail
2021-12-30 15:17:45,Yes,https://drive.google.com/open?id=1kk7EyPlwulqgyTxjsBmESjyS-wxPphqq,Avel,iOS,Saint Luvette,,,,,,TRUE,,Rapide,Time trial,13.74,Race
2021-03-04 21:22:11,Yes,https://drive.google.com/open?id=1_VZktKv0q6IrauP4faGqO3bOGsf-C4FL,hschindele,iOS,Saint Luvette,,,,,,TRUE,Race,Le Probleme,Time trial,13.53,Race
2021-04-20 22:44:10,Yes,https://drive.google.com/open?id=1bYafoxMJi0NGUNnUfQamv7AfEtjXdqPr,Ryan Monty,Android,Saint Luvette,,,,,,TRUE,Race,Plus Choix,Time trial,19.55,Race
2020-12-23 14:06:41,Yes,https://drive.google.com/open?id=1K-fiUKDScpcsILPWHX7vcAitCHjxuaQb,hschindele,iOS,Rotkamm,,,,,,TRUE,Trail,Dropping In,Time trial,20.24,Trail
2020-12-23 13:47:20,Yes,https://drive.google.com/open?id=1Xr_pkHivxAuicT5NLgmgjhGoxtGmZUC1,hschindele,iOS,Rotkamm,,,,,,TRUE,Trail,Skipping Icebergs,Time trial,27.56,Trail
2020-12-22 18:43:04,Yes,https://drive.google.com/open?id=1QGnNINZ5JCKseP5iSWa6pCIV8tGO9HUr,hschindele,iOS,Rotkamm,,,,,,TRUE,Race,The Ice Bowl,Time trial,27.41,Race
2021-04-05 17:04:28,Yes,https://drive.google.com/open?id=1VRyNVuqtnebvC6pj_aqdpfZRN165TxFY,hschindele,iOS,Rotkamm,,,,,,TRUE,Race,The Village Run,Time trial,26.62,Race
2021-03-26 15:13:55,Yes,https://drive.google.com/open?id=1mvADIg3tpx1fzxypB4PqVkNJ3DKBW0mZ,BouncyJello,Android,Dalarna,,,,,,TRUE,Race,The Dala Horse Trail,Time trial,22.76,Race
2022-03-29 13:48:57,Yes,https://drive.google.com/open?id=1g5YxBi1uZuFDZTq4Qu4sn497ICXeDu7G,Mountain_Greg,Android,Rotkamm,,,,,,TRUE,,The Broken Trail,Time trial,38.98,Race
2022-02-22 13:17:02,Yes,https://drive.google.com/open?id=1Jjh0coK2kuW7yj8Zm13emtLGkvolFJeZ,hschindele,iOS,Hirschalm,,,,,,TRUE,,Jumping the Cracks,Time trial,23.28,Trail
2022-03-26 16:39:01,Yes,https://drive.google.com/open?id=1WhGJX5ofm9efu1MMcDky3uXvtFk1FcXh,Avel,iOS,Elnakka,,,,,,TRUE,,The Boulder Valley Pass,Time trial,20.86,Trail
2022-02-15 18:17:13,Yes,https://drive.google.com/open?id=1tzSLnhktmnREnQcob_lKCNmZt7itPiO6,hschindele,iOS,Elnakka,,,,,,TRUE,,Clover Road Trail,Time trial,15.98,Trail
2021-12-30 14:41:51,Yes,https://drive.google.com/open?id=19vtbxdydCHhsKnwn5Rt0Yo3Hr00CiKTg,Avel,iOS,Elnakka,,,,,,TRUE,,The Pillow Pass,Time trial,15.61,Trail
2020-12-19 17:20:00,Yes,https://drive.google.com/open?id=1cmGy1CP1PabARs63Uvpvb9gke3RN-Ahf,hschindele,iOS,Elnakka,,,,,,TRUE,Race,The Elements,Time trial,26.28,Race
2020-12-17 22:26:42,Yes,https://drive.google.com/open?id=1X7JWojCo9G5nXgzvmNwy0rXUNfMmVAG1,hschindele,iOS,Waldtal,,,,,,TRUE,Trail,The Fatal Drops,Time trial,11.44,Trail
2021-12-19 15:27:47,Yes,https://drive.google.com/open?id=1vbYUsM-m9v01-Qhzvpmbg9a2CIKNdjqE,hschindele,iOS,Waldtal,,,,,,TRUE,,The Crowd Pleaser,Time trial,12.98,Trail
2020-12-18 17:10:31,Yes,https://drive.google.com/open?id=1gqqlYnoIY5_GCO9VQ0xtrRcCHhe5Kxpm,hschindele,iOS,Waldtal,,,,,,TRUE,Trail,Woodland Deep Trail,Time trial,13.95,Trail
2021-04-01 17:33:54,Yes,https://drive.google.com/open?id=1Dq-dFN-fTt_M2jvyD95Ly_2Q4QL-5BZq,hschindele,iOS,Waldtal,,,,,,TRUE,Race,The Siriside Slalom,Time trial,13.51,Race
2021-06-15 17:31:30,Yes,https://drive.google.com/open?id=1bOJu19yRWvehmvEYYCKYwXBtEjM4GpP3,hschindele,iOS,Waldtal,,,,,,TRUE,Race,Selme Narrows,Time trial,36.64,Race
2021-05-09 11:17:38,Yes,https://drive.google.com/open?id=1TRrVBQPpgtlMJz__jY7TPhaC8YgiZi9l,hschindele,iOS,Passo Grolla,,,,,,TRUE,Race,The Icy Slide,Time trial,18.82,Race
2021-04-17 16:07:30,Yes,https://drive.google.com/open?id=1Ytw7jU_niYj2_q_LB5DBXcRcRsuBGJRM,massiv97,Android,Passo Grolla,,,,,,TRUE,Race,Loggers Groove,Time trial,12.16,Race
2021-07-15 11:54:37,Yes,https://drive.google.com/open?id=17jvV26tSH7O8FrI4kAC8Zt2IPGO1vdAe,hschindele,iOS,Hirschalm,,,,,,TRUE,Trail,Over The Fence,Time trial,18.17,Trail
2020-11-24 15:07:16,Yes,https://drive.google.com/open?id=1blKbFhm9fyBM3DZWfTurcqMLZ0vQBBzt,hschindele,iOS,Waldtal,,,,,,TRUE,Trail,The Big Kicker,Time trial,17.54,Trail
2021-09-19 8:41:22,Yes,https://drive.google.com/open?id=1ROeRzO2aen6fqw1MBxRf4d4cOB67HzJ3,Avel,iOS,Saint Luvette,,,,,,TRUE,Race,Tour De Moyen,Time trial,21.4,Race
2022-02-21 16:53:10,Yes,https://drive.google.com/open?id=1BFwzSu0WM8k74sFLDGFQtf_bDXajYuu1,hschindele,iOS,Saint Luvette,,,,,,TRUE,,Pic Moyen,Time trial,36.93,Race
2021-12-30 15:22:30,Yes,https://drive.google.com/open?id=14nUaVfM1Djw40YF7SHz1DvCNXxRM42pI,Avel,iOS,Waldtal,,,,,,TRUE,,The Three Trees,Time trial,10.6,Trail
2022-01-27 17:10:54,Yes,https://drive.google.com/open?id=1Fpu--SSaBDH3Bne8QuI5okRZFjAJezjh,Avel,iOS,Waldtal,,,,,,TRUE,,A Balancing Act,Time trial,21.92,Trail
2021-03-11 15:01:14,Yes,https://drive.google.com/open?id=1djmoa38-Lwma-nDPD2qcZn9Dr3iYx-FJ,hschindele,iOS,Dalarna,,,,,,TRUE,Race,Skogsloppet,Time trial,35.64,Race
2021-12-20 9:45:34,Yes,https://drive.google.com/open?id=1CPNeVEhuK58l5aJqjTxkWoU7LHgNvFaq,hschindele,iOS,Rotkamm,,,,,,TRUE,,The Green Glades,Time trial,15.93,Race
2021-05-10 21:16:26,Yes,https://drive.google.com/open?id=1sQE8G-hy_EwAujmHbVcHMJVx9q152KHC,hschindele,iOS,Passo Grolla,,,,,,TRUE,Trail,Elasto Mania Due,Time trial,14.58,Trail
2021-06-15 13:41:26,Yes,https://drive.google.com/open?id=1RL2JESP0IoQKh2oOeal8msvFQHFQLdVT,hschindele,iOS,Passo Grolla,,,,,,TRUE,Trail,Carosello Due,Time trial,12.38,Trail
2021-04-05 17:03:01,Yes,https://drive.google.com/open?id=14oYwhWBlS51svcvV22pfVb80iKjhirLH,hschindele,iOS,Rotkamm,,,,,,TRUE,Race,The River Jumps,Time trial,40.16,Race
2021-12-30 14:33:47,Yes,https://drive.google.com/open?id=1v4v8i8OjY5N6y7IdK5AB-krTXvzWIreN,Avel,iOS,Rotkamm,,,,,,TRUE,,The Rollercoaster,Time trial,29.93,Trail
2021-12-20 10:07:20,Yes,https://drive.google.com/open?id=1SQWPqmcPeUiQi9rj1zI8bPt6L6zsDJeF,hschindele,iOS,Rotkamm,,,,,,TRUE,,The Ice Slope,Time trial,19.69,TTB
2021-06-03 13:29:38,Yes,https://drive.google.com/open?id=1Y2pLRx3MVaBsoTcxgoq65X_1lt82da90,hschindele,iOS,Saint Luvette,,,,,,TRUE,Race,Pointe de Serpentine,Time trial,27.14,Race
2022-01-24 13:20:19,Yes,https://drive.google.com/open?id=1bMqXMLbiqjwuqWz-vtG7OQp4d7V1ApE-,Avel,iOS,Saint Luvette,,,,,,TRUE,,Pisten Bully Dangeroux,Time trial,27.95,Trail
2021-06-22 9:17:23,Yes,https://drive.google.com/open?id=1QXtsKuzC2xJq2o7Nd47-IMiKq7k3CExC,BouncyJello,Android,Mount Fairview,,,,,,TRUE,Race,Grand Mountain Cup I,Time Trial,17.74,Race
2022-03-26 16:39:57,Yes,https://drive.google.com/open?id=1x7T34Ucs0Aoo60s37kGLpjP9jQHlVac-,Avel,iOS,Hirschalm,,,,,,TRUE,,The Shortcut,Time trial,25.15,Trail
2021-04-21 16:47:18,Yes,https://drive.google.com/open?id=16uOu5FXGMDOEfv4Q5xxnPRFcAh3eLf0o,Jamiemac,Android,Passo Grolla,,,,,,TRUE,Trail,Skipping Ice Bergs,Time trial,24.8,Trail
2021-07-19 15:42:46,Yes,https://drive.google.com/open?id=1iMqtLbQUTJqTSCsnHElyzUmsEw7tAp-g,hschindele,iOS,Passo Grolla,,,,,,TRUE,Trail,Il Creativo,Time trial,21.75,Trail
2022-03-26 16:41:53,Yes,https://drive.google.com/open?id=1ljeNjl2OjoL4xLCHw5rkwc2_RGBCq-Jy,Avel,iOS,Waldtal,,,,,,TRUE,,Over The Pist,Time trial,8.12,Trail
2021-05-06 16:47:55,Yes,https://drive.google.com/open?id=1ONlK1RpDvTBLl27O_I73CAU-xRHVvugH,hschindele,iOS,Passo Grolla,,,,,,TRUE,Trail,Drop della morte,Time trial,6.94,Trail
2021-04-09 9:32:21,Yes,https://drive.google.com/open?id=1GXL4yBRILF6Z-9rhbpeDFBCFWdJOrI_y,hschindele,iOS,Rotkamm,,,,,,TRUE,TTB,Progressive Speed,Time trial,31.68,TTB
2021-04-04 1:48:54,Yes,https://drive.google.com/open?id=1focnzAojGO2jOKr3FmzDFMpKgdKEUMJc,Mountain_Greg,Android,Passo Grolla,,,,,,TRUE,TTB,The Forever Run,Time trial,45.89,TTB
2021-04-04 9:55:23,Yes,https://drive.google.com/open?id=1-EFrOtDJ_N1sMvSzXQUdKWQF_WwFbPQw,BouncyJello,Android,Mount Fairview,,,,,,TRUE,TTB,Serenade Summit Race,Time Trial,37.96,TTB
2021-03-23 22:05:24,Yes,https://drive.google.com/open?id=1LzQTN8ECn1mW_GqvtROz8TIMaZRIqC-0,hschindele,iOS,Mount Fairview,,,,,,TRUE,Race,Grand Mountain Cup II,Time Trial,31.26,Race
2021-11-25 9:20:19,Yes,https://drive.google.com/open?id=10HlUBrA-h96ifiwQSLO4dDo3Ou3zFTYn,hschindele,iOS,Mount Fairview,,,,,,TRUE,,Grand Mountain Cup III,Time Trial,58.9,Race
2021-03-22 22:04:51,Yes,https://drive.google.com/open?id=1ynUCAxAmZYKFz1YbYK-msQ5QCrOcp8Tp,hschindele,iOS,Mount Fairview,,,,,,TRUE,Race,Beaver Creek Dance,Time Trial,25.11,Race
2022-02-15 19:03:11,Yes,https://drive.google.com/open?id=1EfX3j_1rzKDhDD6Z-Fkq5dlqb2QkwM9x,hschindele,iOS,Mount Fairview,,,,,,TRUE,,Peregrine Falcon,Time Trial,17.84,Race
2022-03-27 9:18:12,Yes,https://drive.google.com/open?id=1FvwZFvzKx2j3Rf4qnKbVtyAHp6naAMqx,Avel,iOS,Mount Fairview,,,,,,TRUE,,Fairview Cloud Line,Time Trial,22.76,Race
2021-11-07 3:14:19,Yes,https://drive.google.com/open?id=1Im-MKuL7-S3YoQ9LWH2brlr1Yq7UkhhP,Jamiemac,Android,Mount Fairview,,,,,,TRUE,,The Silver Dragon,Time Trial,15.11,Trail
2022-03-26 5:58:27,Yes,https://drive.google.com/open?id=1HTX2VmFzNPlYESv07Ofan7quq65OPlDq,Jamiemac,Android,Mount Fairview,,,,,,TRUE,,The Buried Path,Time Trial,39.76,Trail
2021-07-05 13:26:08,Yes,https://drive.google.com/open?id=1RQ1trRAWEN_GuIHaT0dYXWWJTaIJO4kI,hschindele,iOS,Mount Fairview,,,,,,TRUE,Trail,The Woodpecker Trail,Time Trial,47.04,Trail
2021-06-19 11:06:03,Yes,https://drive.google.com/open?id=1-hva51LX3tK60mU-ew-Qc5xmoe5dJbuX,hschindele,iOS,Mount Fairview,,,,,,TRUE,Trail,Shadows Trail,Time Trial,55.55,Trail
2021-03-23 10:04:59,Yes,https://drive.google.com/open?id=1D9GaSJkSXoL0MQpMfwC-PJWqxb8yAmaz,hschindele,iOS,Mount Fairview,,,,,,TRUE,TTB,Spinel Crest Race,Time Trial,37.81,TTB
2021-05-25 11:27:43,Yes,https://drive.google.com/open?id=1kEeBYJzRmaBeyeh4MwLA3TQQnfboxzOg,Jamiemac,Android,Pinecone Peaks,,,,,,TRUE,Race,Hazy Maze,Time Trial,16.19,Race
2021-05-30 11:41:09,Yes,https://drive.google.com/open?id=1zHb-9veMTYV9e8BPZKJCUN9JRty8V-hE,hschindele,iOS,Pinecone Peaks,,,,,,TRUE,Trail,Ridge Run,Time Trial,17.64,Trail
2021-05-25 11:41:02,Yes,https://drive.google.com/open?id=1F-TsKfQzb72FtN3mhA1MZt74I-aMfsl0,Jamiemac,Android,Pinecone Peaks,,,,,,TRUE,Trail,Tic Tac Toe,Time Trial,9.69,Trail
2021-10-10 11:16:00,Yes,https://drive.google.com/open?id=1kc6UyLchcQsXJPHrSpKoHenETn_8Is-x,Avel,iOS,Pinecone Peaks,,,,,,TRUE,,City Woods,Time Trial,15.12,Race
2021-05-30 11:35:27,Yes,https://drive.google.com/open?id=15i51SppopuQd_pg2VdZjZnXnnzUFj_J0,hschindele,iOS,Pinecone Peaks,,,,,,TRUE,Race,Pinecone Passage,Time Trial,27.82,Race
2021-05-10 15:02:29,Yes,https://drive.google.com/open?id=1IWwMAOBTlvchaFM-KKRUZ465A5SmIY5J,hschindele,iOS,Pinecone Peaks,,,,,,TRUE,Race,Velocity,Time Trial,20.61,Race
2021-05-30 11:36:04,Yes,https://drive.google.com/open?id=1-19P3JqjcrtJha6WF4SvoCnnHAmGgshj,hschindele,iOS,Pinecone Peaks,,,,,,TRUE,Race,Treasure The Shortcuts,Time Trial,21.21,Race
2021-05-25 11:20:24,Yes,https://drive.google.com/open?id=1PMIZGAqNvL-R38ILYlzuPRYxdRTRd5kG,Jamiemac,Android,Pinecone Peaks,,,,,,TRUE,Race,Weary Mood,Time Trial,20.25,Race
2021-05-30 11:36:44,Yes,https://drive.google.com/open?id=1XohsQfTp1K7_QOh2htRGsRrnf1489hbF,hschindele,iOS,Pinecone Peaks,,,,,,TRUE,Race,Rough Patches,Time Trial,19.44,Race
2022-02-27 13:05:43,Yes,https://drive.google.com/open?id=14e27IeVaP_njGdQ6r2HNXYt7t6gyQ_jw,hschindele,iOS,Pinecone Peaks,,,,,,TRUE,,The Labyrinth,Time Trial,18.91,Race
2021-05-25 11:29:44,Yes,https://drive.google.com/open?id=1DaJ2wei_klh8zk1fRpGJt9nYAoEMr7Rf,Jamiemac,Android,Pinecone Peaks,,,,,,TRUE,Race,Googly Eyes,Time Trial,17.8,Race
2021-11-19 16:05:28,Yes,https://drive.google.com/open?id=1D5qIqAhbcOdg2eBgnyI5VkL0sl58dqDT,hschindele,iOS,Pinecone Peaks,,,,,,TRUE,,The Execution,Time Trial,21.48,Race
2021-04-03 16:44:12,Yes,https://drive.google.com/open?id=1moTFHA7fJaB-N_guqBOf_GyxyGCIpfIx,hschindele,iOS,Pinecone Peaks,,,,,,TRUE,Race,Offpist Mayhem,Time Trial,37.97,Race
2021-05-30 11:39:18,Yes,https://drive.google.com/open?id=14wovL6EmiluXCGXEE6hDBAtw2Hdkli2n,hschindele,iOS,Pinecone Peaks,,,,,,TRUE,Trail,Coffee Kick,Time Trial,18.29,Trail
2021-05-30 11:40:17,Yes,https://drive.google.com/open?id=1gfJ9ErFZlw1EIJDz3btIHD_47fed72GR,hschindele,iOS,Pinecone Peaks,,,,,,TRUE,Trail,Side Piste,Time Trial,11.33,Trail
2021-05-30 11:41:59,Yes,https://drive.google.com/open?id=1vBzxHWOHNGqF-aAWeXfec6RDHk_OrldA,hschindele,iOS,Pinecone Peaks,,,,,,TRUE,Trail,Level 1,Time Trial,5.51,Trail
2021-04-04 9:59:56,Yes,https://drive.google.com/open?id=1OMQ9hWdgM6VAcq4ez_USAjvG_iAyQiOx,hschindele,iOS,Pinecone Peaks,,,,,,TRUE,Trail,Level 2,Time Trial,7.56,Trail
2021-05-30 11:42:44,Yes,https://drive.google.com/open?id=1ek_V5xUr53RPLLvlfX_Of2fGCwCxBb0z,hschindele,iOS,Pinecone Peaks,,,,,,TRUE,Trail,Level 3,Time Trial,5.07,Trail
2021-06-12 23:33:43,Yes,https://drive.google.com/open?id=1OmC8Y2Qz0Zvoc5cLznn8_h1D94E_SSwv,hschindele,iOS,Pinecone Peaks,,,,,,TRUE,Trail,Popsicle Slide,Time Trial,8.51,Trail
2021-05-30 11:43:53,Yes,https://drive.google.com/open?id=139QC2MHeUEJ1vZCIvKJR7IPFmmiDZgBW,hschindele,iOS,Pinecone Peaks,,,,,,TRUE,Trail,Popsicle Challenge,Time Trial,9.21,Trail
2021-05-30 11:44:30,Yes,https://drive.google.com/open?id=183e--cCFl4bZJKlpI4RND4SSTM-VElZb,hschindele,iOS,Pinecone Peaks,,,,,,TRUE,Trail,The Little Skipper,Time Trial,10.91,Trail
2022-02-23 11:12:11,Yes,https://drive.google.com/open?id=10hUur4MBbbhwgiBnbn0tXsg34JlcE6YR,hschindele,iOS,Pinecone Peaks,,,,,,TRUE,,Make Haste,Time Trial,61.16,TTB
2021-05-25 9:39:58,Yes,https://drive.google.com/open?id=15TdARrSppGf7dWAesCnJN65Yy57r1jWJ,Mountain_Greg,Android,Pinecone Peaks,,,,,,TRUE,TTB,Pinecone Force,Time Trial,48.98,TTB
2021-06-21 9:32:53,Yes,https://drive.google.com/open?id=1NffEKQYgsnY_DqwqfYGktACYfFI0TFZ0,hschindele,iOS,Hirschalm,,,,,,TRUE,Trail,The Descent,Time trial,28.05,Trail
2021-11-24 14:19:34,Yes,https://drive.google.com/open?id=1UoPvTxmul50675wnY0_XiUH5Sz8qducA,hschindele,iOS,Waldtal,,,,,,TRUE,,The Swing Passage,Time trial,16.96,Race
2022-02-15 18:27:46,Yes,https://drive.google.com/open?id=18ooY5jArhYOkRkJvRY9QG_Ti_L7TGugx,hschindele,iOS,Elnakka,,,,,,TRUE,,Swivel Loop,Time trial,10.85,Race
2021-06-21 9:35:17,Yes,https://drive.google.com/open?id=1J_G-B211Jx_bnKTxtH2IDUtghsf8doRi,hschindele,iOS,Elnakka,,,,,,TRUE,Race,Pristine Rush,Time trial,22.12,Race
2021-12-30 14:38:58,Yes,https://drive.google.com/open?id=1N57CTRCvJW0VYg697_K2Z0yWTXCGN4VI,Avel,iOS,Elnakka,,,,,,TRUE,,High Jump,Time trial,8.0,Trail
2021-06-21 9:38:50,Yes,https://drive.google.com/open?id=1YjkRN1hCiwc48HtN2l-wR7nP1MQ1iShV,hschindele,iOS,Elnakka,,,,,,TRUE,Trail,Around Clover Falls,Time trial,16.72,Trail
2021-12-20 11:04:21,Yes,https://drive.google.com/open?id=1Ir_X1LtpkmbJvsEW-tZ6BODDYG8W55nf,hschindele,iOS,Rotkamm,,,,,,TRUE,,The Pockets,Time trial,39.75,Trail
2021-07-06 8:43:15,Yes,https://drive.google.com/open?id=1dlEFh6fCGgPtlsRO0YXQhweAoHKLtyCv,hschindele,iOS,Passo Grolla,,,,,,TRUE,Race,The Bowls,Time trial,28.19,Race
2021-06-30 19:10:49,Yes,https://drive.google.com/open?id=1AQTzNQqD5gVHd4XiFzuUc3WDCdJK3Od_,Skier50,iOS,Passo Grolla,,,,,,TRUE,Race,Tutti Frutti,Time trial,13.76,Race
2021-09-25 15:31:47,Yes,https://drive.google.com/open?id=1_iYf-713HoctGXIxAOHXav7c-oRGhAqp,hschindele,iOS,Passo Grolla,,,,,,TRUE,,Autostrada,Time trial,22.83,TTB
2022-02-20 17:45:45,Yes,https://drive.google.com/open?id=1dbQqkBvaxRK4vK0h2hvTAVimxktFP2IG,hschindele,iOS,Ben Ailig,,,,,,TRUE,,Downhill Void,Time Trial,18.09,Race
2021-10-31 7:00:35,Yes,https://drive.google.com/open?id=1VEsHbBZq226at4qr4CqywzUxDXO_0KVP,Avel,iOS,Ben Ailig,,,,,,TRUE,,Downhill Skirmish,Time Trial,19.11,Race
2021-06-25 9:22:31,Yes,https://drive.google.com/open?id=18_Ar7BpEGf7xIiWEJa1r3sZnrV8QXwoO,hschindele,iOS,Pinecone Peaks,,,,,,TRUE,Race,Mound Racing,Time Trial,32.91,Race
2021-06-30 6:30:39,Yes,https://drive.google.com/open?id=1vJ8AWhxMci6CKyZJCZXCARXXtFIBXcbY,Mountain_Greg,Android,Dalarna,,,,,,TRUE,TTB,Sarnaheden Sightseeing,Time trial,41.58,TTB
2022-02-18 21:19:10,Yes,https://drive.google.com/open?id=1-u05muhiWhaKaBJ20r3nT8fLnWEajz9r,hschindele,iOS,Saint Luvette,,,,,,TRUE,,Route Colline,Time trial,45.32,TTB
2021-07-08 14:40:00,Yes,https://drive.google.com/open?id=17FG70KyItY93YK22TQ3v0IqzwaQikbP9,hschindele,iOS,Hirschalm,,,,,,TRUE,TTB,Hirschalm show off,Time trial,31.08,TTB
2021-09-30 10:23:29,Yes,https://drive.google.com/open?id=1JfL2E3u4nXoV7jSvbbpUKeSZaE4c-OmZ,Mountain_Greg,Android,Hirschalm,,,,,,TRUE,,Hirschpeak Voyage,Time trial,33.15,TTB
2021-12-18 9:17:17,Yes,https://drive.google.com/open?id=1yEtSL1lsyir-VVq57MdVB6kD7LKpOEHL,hschindele,iOS,Passo Grolla,,,,,,TRUE,,Carosello Uno,Time trial,33.52,Trail
2021-07-15 12:44:43,Yes,https://drive.google.com/open?id=1iSNgJZNuPjyj7NbkN1SUqr0JY6gb6nLZ,hschindele,iOS,Passo Grolla,,,,,,TRUE,Race,Presto,Time trial,19.9,Race
2021-12-22 9:38:09,Yes,https://drive.google.com/open?id=1m2Sz_Lhhe8X-kK94A3efDBunhH3sG4nL,hschindele,iOS,Dalarna,,,,,,TRUE,,Ice Slalom,Time trial,18.85,Trail
2022-03-11 12:15:51,Yes,https://drive.google.com/open?id=12piInELLSzcRZkIIsm_HjYBu0DY9nzC9,Gjeep302,iOS,Waldtal,,,,,,TRUE,,The Fork,High score,395.8,Distance
2021-02-18 19:46:11,Yes,https://drive.google.com/open?id=1DBE2beWjSkKoALzOW5dsBaY_XP5bUX2n,BouncyJello,Android,Rotkamm,,,,,,TRUE,Distance,Pilgrim Run,High score,406.2,Distance
2021-02-18 19:44:46,Yes,https://drive.google.com/open?id=1our76mvUTfEupTeMzv71lvsgXSxgSQQo,BouncyJello,Android,Elnakka,,,,,,TRUE,Distance,Boulder Hill Escape,High score,306.6,Distance
2021-02-18 19:40:01,Yes,https://drive.google.com/open?id=17MisneTIHobonS_87bQ0x781uofhDYwu,BouncyJello,Android,Elnakka,,,,,,TRUE,Slap,Bear Cub Run,High score,16.0,Slap
2021-09-29 14:33:28,Yes,https://drive.google.com/open?id=1l-ZMRnAEBiE3CVrOhZbK5WnQ7nxjJTaJ,Avel,iOS,Elnakka,,,,,,TRUE,,The Pist Bully,High score,32.0,Slap
2021-02-10 18:40:31,Yes,https://drive.google.com/open?id=1S_zc1NNGn_Qbwqlyk8fW3nmHUQLJCGyy,BouncyJello,Android,Saint Luvette,,,,,,TRUE,Slap,Baton Rouge,High score,20.0,Slap
2021-06-14 11:25:50,Yes,https://drive.google.com/open?id=1aOlpeyZAcPq_gAkTWB9d3jWj_hSsuNBT,hschindele,iOS,Saint Luvette,,,,,,TRUE,Distance,Un Chapeau Courageux,High score,391.8,Distance
2022-01-24 13:24:41,Yes,https://drive.google.com/open?id=15hHn9xu0CinnUhqCNQq5xpd7BK1A0Kyh,Avel,iOS,Passo Grolla,,,,,,TRUE,,Il Stupido,High score,291.0,Distance
2021-05-07 14:45:27,Yes,https://drive.google.com/open?id=1GA4gPEIXHNfB-qLNjVDMldZCkwSpSmo8,BouncyJello,Android,Ben Ailig,,,,,,TRUE,Distance,The Meall Exit,High score,307.7,Distance
2021-06-08 6:36:54,Yes,https://drive.google.com/open?id=1z_iiG3l0PIUk6Dvwsjt8PkhNFh4f_uS_,Skier50,iOS,Pinecone Peaks,,,,,,TRUE,Distance,Find Your Way,High score,284.0,Distance
2021-11-23 3:06:19,Yes,https://drive.google.com/open?id=1WbfWdZrCNhBiE9zqSC86L9vUNOAfIGiW,Avel,iOS,Elnakka,,,,,,TRUE,,XL Park World,High score,77969.0,Gated Trick
2021-11-10 7:01:54,Yes,https://drive.google.com/open?id=1BkH7YVbv0X7El9lmzjQ8_sM2XBoxeiXO,Avel,iOS,Hirschalm,,,,,,TRUE,,Glacier Park,High score,33550.0,Open Trick
2022-03-21 3:24:20,Yes,https://drive.google.com/open?id=1FS8Fv5ynLUVyewJJFV-33SU0Bz6scww8,Avel,iOS,Waldtal,,,,,,TRUE,,Waldhorn Slopestyle,High score,55652.0,Gated Trick
2022-03-21 3:23:33,Yes,https://drive.google.com/open?id=1MWVJCInFD73CVSUOth9dPyGwNnlscs4Y,Avel,iOS,Waldtal,,,,,,TRUE,,The Waldhorn Falls,High score,106.4,Triple Drop
2021-09-30 7:06:06,Yes,https://drive.google.com/open?id=1gHRXQvJ0600fWVS16OW8nvHthZC5IrqP,Avel,iOS,Elnakka,,,,,,TRUE,,Elnakka Freedom,High score,28090.0,Open Trick
2021-12-17 0:49:26,Yes,https://drive.google.com/open?id=1grR465INxajPV8kHVaCUsnhyK-iRSQ8Q,Avel,iOS,Dalarna,,,,,,TRUE,,Orsa Animal Park,High score,51240.0,Gated Trick
2022-02-22 9:46:41,Yes,https://drive.google.com/open?id=1BbpJrnTaYKAvUll9oPHHa7cMTdNDcqTf,Caard,iOS,Elnakka,,,,,,TRUE,,The Yards,High score,62.8,Long Jump
2021-09-25 3:17:21,Yes,https://drive.google.com/open?id=16eS2CnrGKWezOFWfcbqNQmtGzSHLrn47,Avel,iOS,Passo Grolla,,,,,,TRUE,,Caso Della Stella,High score,89.8,Single Drop
2021-09-21 14:13:20,Yes,https://drive.google.com/open?id=1ncGFTF-fQn-SlzxaW4r1gtd_V9vpVKwS,Avel,iOS,Saint Luvette,,,,,,TRUE,,Trix De Ville,High score,34954.0,Gated Trick
2022-03-01 8:21:34,Yes,https://drive.google.com/open?id=18YowFyypQrVz4dnEIS95vs2FS4iwaNNc,hschindele,iOS,Hirschalm,,,,,,TRUE,,The Glacier Kicker,High score,57.0,Long Jump
2021-12-22 12:26:51,Yes,https://drive.google.com/open?id=1EjJ5zprHAMJ13T0IY6m_zY0rWtkHd3nP,Avel,iOS,Ben Ailig,,,,,,TRUE,,The Delucia Transfers,High score,30628.0,Open Trick
2022-03-21 3:26:47,Yes,https://drive.google.com/open?id=1yeO5ShJf8oapO4YU_B3mb8sNB_kagWcP,Avel,iOS,Ben Ailig,,,,,,TRUE,,MacAskill Riding,High score,31307.0,Gated Trick
2022-03-21 3:22:50,Yes,https://drive.google.com/open?id=1u6mkL7XWGq40UyPZZW1wzIKNmlOshK8-,Avel,iOS,Waldtal,,,,,,TRUE,,Rigid Jumps,High score,71.7,Triple Drop
2022-03-21 3:21:08,Yes,https://drive.google.com/open?id=1snzqsgR_LIK81d0N_W2QOb33J6QgyazT,Avel,iOS,Elnakka,,,,,,TRUE,,The Boulder Hill Descent,High score,40574.0,Gated Trick
2021-12-17 0:48:12,Yes,https://drive.google.com/open?id=1ebdUe1NCJKm74AkQXWFWZCPeYq_QTzVr,Avel,iOS,Elnakka,,,,,,TRUE,,The Road Gaps,High score,121.3,Triple Drop
2021-12-17 0:47:12,Yes,https://drive.google.com/open?id=1TZeRX9bab5n-mAMfdwsa-HBSNv77hAaK,Avel,iOS,Elnakka,,,,,,TRUE,,Terve Jumping,High score,31050.0,Gated Trick
2022-02-16 11:08:04,Yes,https://drive.google.com/open?id=1g-dswo-3LrrxBEY47Cu9jdh5l2t_bgbb,Jamiemac,Android,Mount Fairview,,,,,,TRUE,,Best Eagle Cookie Park,High score,27873.0,Gated Trick
2022-04-03 7:52:48,Yes,https://drive.google.com/open?id=1TVTOggEaQDAbyHJYGBtLLdIy6ZnSjpYh,Jamiemac,Android,Mount Fairview,,,,,,TRUE,,Ollies Invite Only,High score,50840.0,Gated Trick
2022-02-16 11:46:48,Yes,https://drive.google.com/open?id=1aQFUxFffk3TRaNHkXRpRyd8dYZ3TCt0R,Jamiemac,Android,Mount Fairview,,,,,,TRUE,,Freeride Scout,High score,38147.0,Open Trick
2022-02-16 11:29:32,Yes,https://drive.google.com/open?id=1YobJbJvvCYdyoKU_smbDK66OkD8HE9SF,Jamiemac,Android,Mount Fairview,,,,,,TRUE,,Booster Berries,High score,37927.0,Open Trick
2022-02-15 8:07:32,Yes,https://drive.google.com/open?id=1SRS4lW6whDAd1zBMHwdDz3MQyuwVGjYD,Jamiemac,Android,Mount Fairview,,,,,,TRUE,,The Sidehit Road,High score,30634.0,Gated Trick
2021-09-25 14:17:27,Yes,https://drive.google.com/open?id=1YQR9NXKkXCY75ja2GhdXJgYi9HRLd4yt,Avel,iOS,Passo Grolla,,,,,,TRUE,,Il Fenomeno,High score,32970.0,Gated Trick
2022-02-04 10:18:41,Yes,https://drive.google.com/open?id=1xz25h7-YvAm0LCRykKkVy2gA6sSsWNmD,Jamiemac,Android,Passo Grolla,,,,,,TRUE,,Offpiste Paradise,High score,45555.0,Open Trick
2021-12-24 9:38:59,Yes,https://drive.google.com/open?id=1Fttyoe4F6yYXaVKwZxcKzwn6JgtiqVl3,Mountain_Greg,Android,Passo Grolla,,,,,,TRUE,,Scoiattolo,High score,24319.0,Gated Trick
2021-09-25 14:27:09,Yes,https://drive.google.com/open?id=1-npPdbhfwcPfc3CuuomOP6Hz9CY7P-YC,Avel,iOS,Passo Grolla,,,,,,TRUE,,Down,High score,153.1,Triple Drop
2022-03-04 12:19:15,Yes,https://drive.google.com/open?id=10aTByzlnNr-5-uyVwQNz_1TMpk5dtild,Avel,iOS,Rotkamm,,,,,,TRUE,,The Descender,High score,122.0,Triple Drop
2021-11-10 6:57:23,Yes,https://drive.google.com/open?id=1P3Qjaabt2yaj2S6retK4vVClH9EAaUEf,Avel,iOS,Saint Luvette,,,,,,TRUE,,Les Troix Drops,High score,104.1,Triple Drop
2021-12-17 0:58:03,Yes,https://drive.google.com/open?id=1n-9kW9xi8ANj54AFnxdGpa-zUVOiL5Nd,Avel,iOS,Rotkamm,,,,,,TRUE,,Rotkamm Style I,High score,42596.0,Gated Trick
2022-01-07 10:51:47,Yes,https://drive.google.com/open?id=1goHqHFvq5Qm15_s0832XlnngyDk7f_oY,Jamiemac,Android,Saint Luvette,,,,,,TRUE,,Saut Bizarre,High score,21057.0,Gated Trick
2022-03-21 3:25:10,Yes,https://drive.google.com/open?id=1DkMZIUCBq1R-uHfryX5N2ezDSM8b74jj,Avel,iOS,Saint Luvette,,,,,,TRUE,,Le Pipe,High score,37016.0,Open Trick
2021-09-25 14:44:13,Yes,https://drive.google.com/open?id=1qkYZ92A1ahBA2G28orleZbCHFKQSGzkc,Avel,iOS,Rotkamm,,,,,,TRUE,,Sending It,High score,31247.0,Open Trick
2021-10-10 11:18:53,Yes,https://drive.google.com/open?id=1JrWv4YlDnUoltYfDXkmGqcn9tfjkllFf,Avel,iOS,Mount Fairview,,,,,,TRUE,,The Woodland Jam,High score,54727.0,Open Trick
2021-09-26 15:25:50,Yes,https://drive.google.com/open?id=1hISxszSltqObgBp-iVzDL91jMp1h5h4n,massiv97,Android,Dalarna,,,,,,TRUE,,Ski Jumping,High score,71.5,Long Jump
2022-02-04 8:35:26,Yes,https://drive.google.com/open?id=1mwAX96L5zDJcuD69E5w8_4Pz-N-IvwgT,Jamiemac,Android,Passo Grolla,,,,,,FALSE,,Red forest jumps,High score,41418.0,Open Trick
2022-02-04 11:59:40,Yes,https://drive.google.com/open?id=1aYIyf3L24nKI67Bk0E3rHYdDQ-ICYXTP,Jamiemac,Android,Passo Grolla,,,,,,TRUE,,Gems Ride,High score,46971.0,Open Trick
2022-02-06 4:22:38,Yes,https://drive.google.com/open?id=1x48PtYOfePeSjhvKRUwiobTpUptkob75,Jamiemac,Android,Ben Ailig,,,,,,TRUE,,The Overshooter,High score,23858.0,Single Trick
2021-09-28 14:39:43,Yes,https://drive.google.com/open?id=1etLd3KuFZXi4saoODCgc-xp100V94H1W,Avel,iOS,Ben Ailig,,,,,,TRUE,,Sweeping Drops,High score,107.1,Triple Drop
2021-11-30 15:33:48,Yes,https://drive.google.com/open?id=1AkRXj-a5XFwcfOzd5x9D4OtNNnv1nwaz,Avel,iOS,Pinecone Peaks,,,,,,TRUE,,Send It Dropping,High score,100.1,Triple Drop
2022-02-20 12:58:55,Yes,https://drive.google.com/open?id=1Wnny0_m5vmAsYFfkLAkEipHQrTNbcIn9,Jamiemac,Android,Pinecone Peaks,,,,,,TRUE,,Cone Drops,High score,146.3,Triple Drop
2022-02-20 13:09:19,Yes,https://drive.google.com/open?id=13ViRr6a7lGlA3ZzeoRMNCe9tibybgpsA,Jamiemac,Android,Pinecone Peaks,,,,,,TRUE,,Gap Of Ages,High score,142.0,Triple Drop
2021-12-17 2:58:56,Yes,https://drive.google.com/open?id=1xymSQU-w-0TcTCeogccSzJPvMjzuv_SH,Avel,iOS,Elnakka,,,,,,TRUE,,Overshooting,High score,69.0,Single Drop
2021-10-02 23:15:46,Yes,https://drive.google.com/open?id=1aSMFkskBTl1eRMSOwR23DLxMk4eT2EtE,PelagusPlays,iOS,Pinecone Peaks,,,,,,TRUE,,Flight Of The Labyrinth,High score,90.4,Triple Drop
2021-12-30 18:33:15,Yes,https://drive.google.com/open?id=1W0cqOjMpvtoHoKnnSRqBnOkIPwyj6hsX,Avel,iOS,Pinecone Peaks,,,,,,TRUE,,Pinecone Jibber,High score,38332.0,Open Trick
2022-01-24 13:17:26,Yes,https://drive.google.com/open?id=1-qUrikZE8V1becG6SpBODZqATpneObaL,Avel,iOS,Rotkamm,,,,,,TRUE,,Rotkamm Jumper,High score,30419.0,Gated Trick
2021-11-10 6:59:46,Yes,https://drive.google.com/open?id=1np83ATpMC1kNt_-Qitofud1C4O49nhl0,Avel,iOS,Saint Luvette,,,,,,TRUE,,Le Cygne,High score,33427.0,Single Trick
2021-10-02 13:22:34,Yes,https://drive.google.com/open?id=1dqKQT2GIUoMmUhRFaSyv-4KPwhY5LkY7,massiv97,Android,Saint Luvette,,,,,,TRUE,,Le Crazy Jump,High score,15167.0,Single Trick
2022-01-26 8:26:48,Yes,https://drive.google.com/open?id=1wojTfD65oLgmFa_-HQVQT_Q7lgy_iTQb,Jamiemac,Android,Passo Grolla,,,,,,TRUE,,Red Lumber Flow,High score,33518.0,Gated Trick
2022-02-10 8:52:39,Yes,https://drive.google.com/open?id=1N5m-pXhkPVN5NQobmNocJUzkWGLPZDIL,Jamiemac,Android,Ben Ailig,,,,,,TRUE,,Boyne trickster,High score,37520.0,Open Trick
2022-03-05 6:52:08,Yes,https://drive.google.com/open?id=1Hi968shp9B06b7XZSN-C4vQhX0H3dJB8,Avel,iOS,Pinecone Peaks,,,,,,TRUE,,Send It Tricky,High score,30177.0,Open Trick
2022-03-21 4:47:09,Yes,https://drive.google.com/open?id=1lK4AoOhLl2uHl_pIogTBr_mEnqX0RvSA,Jamiemac,Android,Pinecone Peaks,,,,,,TRUE,,Desolate Hills Natural,High score,46879.0,Open Trick
2022-02-21 15:38:41,Yes,https://drive.google.com/open?id=1LKIdOcXTgt4qHv_Z3XRU7WtZiyj1NTWA,Jamiemac,Android,Pinecone Peaks,,,,,,TRUE,,Pine Trickster,High score,40135.0,Open Trick
2021-12-25 19:35:18,Yes,https://drive.google.com/open?id=1m5TdBM5dEi-zQ5XHKwyomjmSBJ49J0Ig,Skier50,iOS,Dalarna,,,,,,TRUE,,Fulu Air,High score,19582.0,Single Trick
2021-10-05 14:04:10,Yes,https://drive.google.com/open?id=1EZSudH1UZmeyPHqag8eDfAWaToVz2uh8,Mountain_Greg,Android,Pinecone Peaks,,,,,,TRUE,,One Trick Pony,High score,21185.0,Single Trick
2021-12-22 12:25:45,Yes,https://drive.google.com/open?id=1e4Tr7EAKmGGIl5cdmnAn72JgnmeuCgtz,Avel,iOS,Ben Ailig,,,,,,TRUE,,Hogback Attack,High score,37726.0,Gated Trick
2021-12-30 15:24:39,Yes,https://drive.google.com/open?id=1GjFNb7zMjbpfjIEl2w5dWxbPWlyNwohR,Avel,iOS,Pinecone Peaks,,,,,,TRUE,,Multiple Park,High score,61447.0,Open Trick
2021-12-30 15:32:33,Yes,https://drive.google.com/open?id=1xUoByhwDhtjC0j8j-qPAeslNz26YHUc5,Avel,iOS,Pinecone Peaks,,,,,,TRUE,,Rail Jam,High score,44440.0,Gated Trick
2022-03-21 3:26:03,Yes,https://drive.google.com/open?id=1uLD-BW_uqkoeFAtAsVAC19k6GpzADxBc,Avel,iOS,Saint Luvette,,,,,,TRUE,,Roi de la Ville,High score,22280.0,Single Trick
2022-03-07 7:01:21,Yes,https://drive.google.com/open?id=1v-xBkyYtPzXMkoGhCxrziiDFBdF-RT9G,Jonathan,iOS,Rotkamm,,,,,,TRUE,,Corner Flight,High score,7.15,Airtime
2021-10-06 15:07:28,Yes,https://drive.google.com/open?id=1YSuB48Iwc0apH5X8h7z997Z-iSgNTJVj,massiv97,Android,Saint Luvette,,,,,,TRUE,,Aire Maximus,High score,8.88,Airtime
2022-04-03 6:32:25,Yes,https://drive.google.com/open?id=1nM8SN-S8kQ8IMDbZRg2pdC8XW_JtZF6e,Jonathan,iOS,Saint Luvette,,,,,,TRUE,,Quel vol,High score,8.69,Airtime
2021-12-21 6:02:11,Yes,https://drive.google.com/open?id=1BwEEv6LjLcCGfGagW6dRtF-eql90SNDI,Mountain_Greg,Android,Passo Grolla,,,,,,TRUE,,Ruby Con Aria,High score,10.54,Airtime
2022-01-06 3:54:20,Yes,https://drive.google.com/open?id=12Kbzw6_UsQ2MkrLFht5svz2WmaK6Z_Up,Mountain_Greg,Android,Passo Grolla,,,,,,TRUE,,Dropping,High score,246.5,Triple Drop
2021-11-25 4:19:08,Yes,https://drive.google.com/open?id=1OF-QuMeRErladSSIuYOsqIjv182xQtwq,Mountain_Greg,Android,Mount Fairview,,,,,,TRUE,,The Three Diamonds,High score,145.3,Triple Drop
2021-12-20 10:24:15,Yes,https://drive.google.com/open?id=1dB6BwMDLbl7yzQ1nty9619qtNTlEWn0z,Jamiemac,Android,Rotkamm,,,,,,TRUE,,Freeride Heaven,High score,33703.0,Open Trick
2021-11-06 8:36:29,Yes,https://drive.google.com/open?id=1dJy01FJwv9kZVwAvToX52jo55ZtHhXKD,Avel,iOS,Mount Fairview,,,,,,TRUE,,Flutters,High score,7.21,Airtime
2022-02-14 11:44:03,Yes,https://drive.google.com/open?id=1A8oSa7u6hE3J6AXKPNrFyRheBNJ8u2aa,Jamiemac,Android,Mount Fairview,,,,,,TRUE,,The Timber Road Gap,High score,49.9,Single Drop
2022-03-26 7:29:13,Yes,https://drive.google.com/open?id=1B9psZxBbTXODs5uVOy3BBlWAIYwyYyMZ,Jonathan,iOS,Pinecone Peaks,,,,,,TRUE,,Desolate Drops,High score,15.48,Airtime
2021-11-25 4:19:39,Yes,https://drive.google.com/open?id=1kHN5D16pQRJn4iYRZx6xkKrjKq4y1VGY,Mountain_Greg,Android,Mount Fairview,,,,,,TRUE,,Shoot Out,High score,63.9,Single Drop
2022-03-23 8:02:32,Yes,https://drive.google.com/open?id=1985tNa3EggxQKSDuzcZbagm2nq0e2owH,Jonathan,iOS,Pinecone Peaks,,,,,TRUE,TRUE,,Pinecone Dropper,High score,7.17,Airtime
2022-02-10 9:17:23,Yes,https://drive.google.com/open?id=1BxCLmhLAIfC-xCbbri9RxoE_OrzOrWg5,Jamiemac,Android,Ben Ailig,,,,,,TRUE,,Meall Lines,High score,38110.0,Distance
