Timestamp,Link,Name,OS,Mountain,Was WR,Unnamed: 64,challenge name,type,score,chaltype
2020-11-17 11:21:32,https://drive.google.com/open?id=19xLMgE8nt5fu5ngVsGM3XM37H1J8tid4,hschindele,iOS,Dalarna,TRUE,Race,Malung Scooter Club,Time trial,35.33,Race
2020-11-17 11:22:28,https://drive.google.com/open?id=1jAm8UlREQ9nk5-wzBtbH3aPhuHTzGhI-,hschindele,iOS,Dalarna,TRUE,Race,Follow The Trails Of Wasa,Time trial,28.89,Race
2020-11-17 11:23:06,https://drive.google.com/open?id=1uA03l4_TIQPshWumnFcrbZqyitOPqh1r,hschindele,iOS,Dalarna,FALSE,Race,Zick Zack The Lift,Time trial,29.99,Race
2020-11-17 11:24:09,https://drive.google.com/open?id=1uXWWq3C5O-WWlVHbf7N7u2a24oCVtQdc,hschindele,iOS,Dalarna,FALSE,Race,Follow The Tracks,Time trial,33.63,Race
2020-11-17 11:25:04,https://drive.google.com/open?id=12CwIedlUI2MwyPAIetWlhUmitgvfPlj1,hschindele,iOS,Dalarna,TRUE,Race,The Clearcut,Time trial,29.73,Race
2020-11-17 11:25:47,https://drive.google.com/open?id=1BIubmdVk1kL4ZVbY1bvNLA4XfTb-myRV,hschindele,iOS,Dalarna,TRUE,Trail,Mora Barnyards,Time trial,24.95,Trail
2020-11-17 11:26:27,https://drive.google.com/open?id=1nosa8-AXXe4wjymhbBHzvrlCJdLPzISi,hschindele,iOS,Dalarna,TRUE,Trail,Leksand Rail,Time trial,18.9,Trail
2020-11-17 11:27:32,https://drive.google.com/open?id=1RHsQG_ObWFIU-SLdAWqxV6CuKEmrfPOx,hschindele,iOS,Dalarna,TRUE,Trail,Thru Alvdalen,Time trial,19.98,Trail
2020-11-17 11:29:50,https://drive.google.com/open?id=18Zuxo-oeW0bsr6fNZkUha-XqJV2itRMo,hschindele,iOS,Dalarna,TRUE,TTB,Dalarna Voyage,Time trial,43.3,TTB
2020-11-17 11:34:28,https://drive.google.com/open?id=1B-thPnCMw7IRHkAYA0U7331-9TiGB_ki,hschindele,iOS,Dalarna,TRUE,Trail,Drifting The Frozen Lake,Time trial,9.53,Trail
2020-11-19 21:32:58,https://drive.google.com/open?id=1Q1g6F9iwb9GZAGeD8Q6Aifd-KBKigGyU,BouncyJello,Android,Dalarna,FALSE,TTB,Dalarna Voyage,Time trial,43.61,TTB
2020-11-19 21:33:37,https://drive.google.com/open?id=1X0IKxROaPe-06C0kSphxoEtcWZNtc9pT,BouncyJello,Android,Dalarna,TRUE,Trail,Drifting The Frozen Lake,Time trial,9.43,Trail
2020-11-19 21:34:39,https://drive.google.com/open?id=1xDZW9F1ED_MkW83fE3BUmLw5jOHogFP_,BouncyJello,Android,Dalarna,TRUE,Trail,Thru Alvdalen,Time trial,19.88,Trail
2020-11-19 21:38:00,https://drive.google.com/open?id=1yKrRBtNOZ-nWyuso6c9a6RFE6jQ6-Clw,BouncyJello,Android,Dalarna,FALSE,Trail,Leksand Rail,Time trial,18.97,Trail
2020-11-19 21:54:52,https://drive.google.com/open?id=1PJsFyFeUS6fXE_Ob-5a8ezr3FXxU_Sua,BouncyJello,Android,Dalarna,FALSE,Trail,Mora Barnyards,Time trial,25.01,Trail
2020-11-19 21:59:15,https://drive.google.com/open?id=1VP_wT5Uxij6OfmaD2dLd6Cu7aMtIzCm7,BouncyJello,Android,Dalarna,FALSE,Race,Follow The Tracks,Time trial,33.99,Race
2020-11-19 22:00:37,https://drive.google.com/open?id=1lhNtYhmnT6GKpUgoVeBhQZfcAHodzlzV,BouncyJello,Android,Dalarna,TRUE,Race,Follow The Trails Of Wasa,Time trial,28.81,Race
2020-11-19 22:01:45,https://drive.google.com/open?id=1VYSRQtOhXaoc78HumHay1jtIbbRGRxYt,BouncyJello,Android,Dalarna,FALSE,Race,Malung Scooter Club,Time trial,35.46,Race
2020-11-19 22:02:25,https://drive.google.com/open?id=1rSGRZyhs3fITDPkHOz-JikVt7P0aun6w,BouncyJello,Android,Dalarna,TRUE,Race,The Dala Horse Trail,Time trial,25.04,Race
2020-11-20 8:30:35,https://drive.google.com/open?id=10ydSAvRCSL705Z5cSrRp8DZ4qwjLgiBu,Chesty,iOS,Dalarna,FALSE,Race,Zick Zack The Lift,Time trial,30.4,Race
2020-11-26 16:57:05,https://drive.google.com/open?id=1MZiEBERFGk18Fo8PvJrVOEkVt2bncn7J,SYNO,iOS,Dalarna,FALSE,Trail,Drifting The Frozen Lake,Time trial,9.69,Trail
2020-12-21 10:29:54,https://drive.google.com/open?id=1OBFfR5vrqEtdbTOCsUBMT28qKUIj4glK,hschindele,iOS,Dalarna,TRUE,Race,The Dala Horse Trail,Time trial,24.56,Race
2020-12-21 11:39:10,https://drive.google.com/open?id=1WdcsrD141v3nxtWgY8thcsLTKZfh81Sp,hschindele,iOS,Dalarna,TRUE,Race,Skogsloppet,Time trial,36.65,Race
2020-12-21 12:42:27,https://drive.google.com/open?id=12krn-SfvJY2dNx8JtZHprYmhXxYw1Rpq,hschindele,iOS,Dalarna,TRUE,Trail,Leksand Rail,Time trial,18.68,Trail
2020-12-21 13:00:57,https://drive.google.com/open?id=1bl_86ILEL280KC9VnawzDEN-ebloXVDH,hschindele,iOS,Dalarna,TRUE,Trail,Thru Alvdalen,Time trial,18.87,Trail
2020-12-21 13:30:51,https://drive.google.com/open?id=1YEHFWhKMjCv8tswtFwJErz9VIhtXdGL2,hschindele,iOS,Dalarna,TRUE,Race,Follow The Tracks,Time trial,31.58,Race
2020-12-21 13:43:53,https://drive.google.com/open?id=1crDLp97ZRCgrjehJr3JMl7MlGSLus4aM,hschindele,iOS,Dalarna,TRUE,Trail,Drifting The Frozen Lake,Time trial,8.93,Trail
2020-12-21 16:50:13,https://drive.google.com/open?id=159CfzYSIRs3jr2FxmFI2caARX3INcm56,hschindele,iOS,Dalarna,TRUE,Race,Follow The Trails Of Wasa,Time trial,27.8,Race
2021-01-01 13:17:47,https://drive.google.com/open?id=1rdpKTNV8uIFxCGvndD4Qcny45wbrlC1o,Antaris,iOS,Dalarna,FALSE,Race,Zick Zack The Lift,Time trial,30.38,Race
2021-01-01 17:12:47,https://drive.google.com/open?id=1yxuVJCX_fsQr-BLbssTxCBPX-UKHvDEi,Antaris,iOS,Dalarna,FALSE,Race,The Clearcut,Time trial,29.78,Race
2021-01-01 17:31:42,https://drive.google.com/open?id=17vgV6L6lP_b5fqeciv3CRK-56b1ZtJYM,hschindele,iOS,Dalarna,TRUE,Race,The Clearcut,Time trial,28.35,Race
2021-01-03 19:12:30,https://drive.google.com/open?id=1ieJ0C3FIaNJEuqKFub2XX1CxnlPbnRhB,massiv97,Android,Dalarna,FALSE,Race,Follow The Trails Of Wasa,Time trial,28.88,Race
2021-01-03 19:13:21,https://drive.google.com/open?id=1xAv4zn304WoNZZ3-hIcy59Fa1UFQGaIf,massiv97,Android,Dalarna,FALSE,Race,Zick Zack The Lift,Time trial,30.34,Race
2021-01-03 19:14:14,https://drive.google.com/open?id=1jq4wsrplqaZhFtXKajkbzo__iNnb2uQk,massiv97,Android,Dalarna,FALSE,Race,Follow The Tracks,Time trial,32.75,Race
2021-01-03 19:22:25,https://drive.google.com/open?id=1lK_4ZRj4NwSDgsBJAyXHH9O-rLfQ-l5J,massiv97,Android,Dalarna,FALSE,Trail,Drifting The Frozen Lake,Time trial,9.43,Trail
2021-01-04 3:30:43,https://drive.google.com/open?id=1Ol7i9SIqgx0QI1PkTB5lHX30oFqYnYk_,Mountain_Greg,Android,Dalarna,FALSE,Race,Zick Zack The Lift,Time trial,30.28,Race
2021-01-04 6:21:04,https://drive.google.com/open?id=1tI4rJ5LjLNs3O-ISkaEJKbpIqLkVrDpp,massiv97,Android,Dalarna,FALSE,Race,The Clearcut,Time trial,29.76,Race
2021-01-04 12:34:33,https://drive.google.com/open?id=1V7EHQwYbltUYWsLnWQEi2tCOd1TuFgxB,SYNO,iOS,Dalarna,TRUE,Trail,Mora Barnyards,Time trial,24.89,Trail
2021-01-04 17:35:50,https://drive.google.com/open?id=1lgtuLZc4bbD59iqlDxjDbLnZyuikDpan,hschindele,iOS,Dalarna,TRUE,Trail,Mora Barnyards,Time trial,24.52,Trail
2021-01-05 3:47:37,https://drive.google.com/open?id=1IBOiHbGqYVufW1Erc5AVqLhzs63gNHG9,Mountain_Greg,Android,Dalarna,FALSE,Trail,Drifting The Frozen Lake,Time trial,9.68,Trail
2021-01-05 10:03:27,https://drive.google.com/open?id=1NB-05bjQ2YBkcWGHd4ya20jcg3WgHExZ,SYNO,iOS,Dalarna,FALSE,Race,Zick Zack The Lift,Time trial,30.39,Race
2021-01-06 8:34:43,https://drive.google.com/open?id=1oww1OmLArgR3noHyFhv58FHCC-il9RQU,SYNO,iOS,Dalarna,FALSE,Race,The Clearcut,Time trial,29.64,Race
2021-01-07 14:06:13,https://drive.google.com/open?id=1CW9H68DGptgH7m6cxdOhxWRS5BeHblDZ,Mountain_Greg,Android,Dalarna,FALSE,TTB,Dalarna Voyage,Time trial,43.66,TTB
2021-01-07 14:11:05,https://drive.google.com/open?id=1eQVa2a5wOte9yi4D8_wEhHBRLuywoPNC,Mountain_Greg,Android,Dalarna,FALSE,Race,Skogsloppet,Time trial,37.37,Race
2021-01-07 14:12:09,https://drive.google.com/open?id=17FdYRJRay_YHl-yn_EyqYz-2D7AJXKI2,Mountain_Greg,Android,Dalarna,FALSE,Race,The Clearcut,Time trial,29.79,Race
2021-01-08 17:14:47,https://drive.google.com/open?id=1wsdF9cC4qoGqb4eIGkLOkTJzu4d6x4FS,hschindele,iOS,Dalarna,TRUE,Race,Malung Scooter Club,Time trial,31.8,Race
2021-01-11 9:41:27,https://drive.google.com/open?id=1flbp4yYFwln1g2kW8GtykdZTrj5b2n2k,Mountain_Greg,Android,Dalarna,FALSE,Race,Follow The Trails Of Wasa,Time trial,28.42,Race
2021-01-11 9:42:36,https://drive.google.com/open?id=1dItwTQwmWU500iegZl4FgCehC9Vbq9d2,Mountain_Greg,Android,Dalarna,FALSE,Race,Follow The Tracks,Time trial,32.66,Race
2021-01-11 9:45:59,https://drive.google.com/open?id=1dnwLJZExhecvl_GSJBNiecx795Bpgzor,Mountain_Greg,Android,Dalarna,FALSE,Trail,Leksand Rail,Time trial,18.94,Trail
2021-01-11 17:29:21,https://drive.google.com/open?id=1ri0NRUnmkMP9iK4i6mHNn9y0RjF5m7Nq,hschindele,iOS,Dalarna,TRUE,TTB,Dalarna Voyage,Time trial,41.61,TTB
2021-01-13 11:28:50,https://drive.google.com/open?id=1frPXmy1u3bt__GguR3YWjbeAInxWQrZb,Fenrir,Android,Dalarna,FALSE,TTB,Dalarna Voyage,Time trial,45.81,TTB
2021-01-13 11:29:28,https://drive.google.com/open?id=1QLeCTTUrThyH4fQ6YKjYu3FhOCgQqkuN,Fenrir,Android,Dalarna,FALSE,Trail,Drifting The Frozen Lake,Time trial,11.59,Trail
2021-01-13 11:30:08,https://drive.google.com/open?id=1ghS6YUE0IAl_JGG2X0n47KZN-xdX9_tM,Fenrir,Android,Dalarna,FALSE,Race,Follow The Tracks,Time trial,33.14,Race
2021-01-13 11:30:50,https://drive.google.com/open?id=17h83KCHDl6jSpVIZ_0CEadfsYJqW3b96,Fenrir,Android,Dalarna,FALSE,Race,Follow The Trails Of Wasa,Time trial,28.89,Race
2021-01-13 11:32:18,https://drive.google.com/open?id=1Tf3fyYEB_4-iu3yKxA8kqhAnU4vVawTQ,Fenrir,Android,Dalarna,FALSE,Trail,Leksand Rail,Time trial,19.74,Trail
2021-01-13 11:33:02,https://drive.google.com/open?id=1QxgQpRHQMvL18n9RRP-TANevZeXowzNw,Fenrir,Android,Dalarna,FALSE,Race,Malung Scooter Club,Time trial,39.08,Race
2021-01-13 11:34:26,https://drive.google.com/open?id=1PatMMKpKDTRCJcP1Pm7TvNPfj0Z30Peh,Fenrir,Android,Dalarna,FALSE,Trail,Mora Barnyards,Time trial,33.62,Trail
2021-01-13 11:36:33,https://drive.google.com/open?id=1rPMfLBJRBdy0U0UpGJidsshb39dn15RR,Fenrir,Android,Dalarna,FALSE,Race,Skogsloppet,Time trial,38.96,Race
2021-01-13 11:37:10,https://drive.google.com/open?id=17858sX4P1MaVOuQW4YlfujIq4DJ1bgbL,Fenrir,Android,Dalarna,FALSE,Race,The Clearcut,Time trial,31.63,Race
2021-01-13 11:38:30,https://drive.google.com/open?id=1rQUtCpBglRgU6Gi5UCBsNNizrr0_RTbR,Fenrir,Android,Dalarna,FALSE,Race,The Dala Horse Trail,Time trial,26.58,Race
2021-01-13 11:39:24,https://drive.google.com/open?id=1ULbElHKnQv71QuiKlQbkDBzEez1BkR39,Fenrir,Android,Dalarna,FALSE,Trail,Thru Alvdalen,Time trial,24.22,Trail
2021-01-13 11:39:57,https://drive.google.com/open?id=1AY4jsKPFhQLwP0P9rnn8GJsJRkeCQcYK,Fenrir,Android,Dalarna,FALSE,Race,Zick Zack The Lift,Time trial,30.55,Race
2021-01-16 11:31:20,https://drive.google.com/open?id=1XTmOp1QJlmwhSHFLTJ_p1MoXq5a3YmhM,massiv97,Android,Dalarna,FALSE,Race,Skogsloppet,Time trial,37.48,Race
2021-01-16 13:50:18,https://drive.google.com/open?id=1FHMJ7jXJD9H4jE84WlQ46w8Mg6GQdKQq,SYNO,iOS,Dalarna,FALSE,Race,Follow The Tracks,Time trial,32.69,Race
2021-01-16 13:51:43,https://drive.google.com/open?id=1q_QGAjO-8C7LCyDmP_JMCZ0FlfY-B2nW,SYNO,iOS,Dalarna,FALSE,Race,Follow The Trails Of Wasa,Time trial,28.63,Race
2021-01-16 15:35:18,https://drive.google.com/open?id=130_3xW-__xt5_f10IA54dxix4wG9HbkX,massiv97,Android,Dalarna,FALSE,Race,Malung Scooter Club,Time trial,35.22,Race
2021-01-16 18:57:37,https://drive.google.com/open?id=1nP8Aixxvmqe7L1Y7-PsLgbiXnLfubpKY,massiv97,Android,Dalarna,FALSE,TTB,Dalarna Voyage,Time trial,42.91,TTB
2021-01-18 17:53:48,https://drive.google.com/open?id=1c22CpKOc68bSQPwHr5cGE1nlAkw8hQja,Gjeep302,Android,Dalarna,FALSE,Race,Skogsloppet,Time trial,37.07,Race
2021-01-18 21:41:36,https://drive.google.com/open?id=1Wu4ni2kb72v4xmVYBbgzT-3b0qd_HXEv,SYNO,iOS,Dalarna,FALSE,Race,Skogsloppet,Time trial,37.42,Race
2021-01-18 21:42:55,https://drive.google.com/open?id=1LQelV6mmrc09ZhzsHvneJC17JNWVHnqN,SYNO,iOS,Dalarna,FALSE,Race,Malung Scooter Club,Time trial,35.24,Race
2021-01-18 21:44:17,https://drive.google.com/open?id=1pGZaD1btGOy0NzpeI_pCdUaqeWaDv2iT,SYNO,iOS,Dalarna,TRUE,Trail,Leksand Rail,Time trial,18.58,Trail
2021-01-19 7:45:55,https://drive.google.com/open?id=11ig09mhSbtJ00nTfeOK4wjLg9n5fHAfB,hschindele,iOS,Dalarna,TRUE,Trail,Leksand Rail,Time trial,18.44,Trail
2021-01-19 15:12:04,https://drive.google.com/open?id=1BTcKH98-NXFhWciEBFKGOFdR5mv5udQl,Gjeep302,Android,Dalarna,FALSE,Trail,Thru Alvdalen,Time trial,19.34,Trail
2021-01-19 15:12:49,https://drive.google.com/open?id=1e3C7UhjFyZAcN1v0elCh-SBqeQSas0iC,Gjeep302,Android,Dalarna,FALSE,Trail,Drifting The Frozen Lake,Time trial,9.36,Trail
2021-01-19 15:55:09,https://drive.google.com/open?id=1TpUClLQGyp9QTKbzfEU-_sN-mYrwc_UG,Gjeep302,Android,Dalarna,TRUE,Trail,Drifting The Frozen Lake,Time trial,8.88,Trail
2021-01-19 17:18:58,https://drive.google.com/open?id=1R-mFV7bXxobmohyKIQP5LS8Yvgq3I6qt,hschindele,iOS,Dalarna,TRUE,Trail,Drifting The Frozen Lake,Time trial,8.81,Trail
2021-01-19 17:21:43,https://drive.google.com/open?id=157WUcmPmGXqOim8silApFGP5383tew0h,Gjeep302,Android,Dalarna,FALSE,Trail,Leksand Rail,Time trial,18.93,Trail
2021-01-19 18:23:23,https://drive.google.com/open?id=150hfhd7-bfHG8oDfR3jqvp36DYmaPcmu,Gjeep302,Android,Dalarna,TRUE,Trail,Mora Barnyards,Time trial,24.51,Trail
2021-01-19 19:32:01,https://drive.google.com/open?id=1l5cJ0j4db4mCWtV4qI2B63Gz8uOOkffV,Gjeep302,Android,Dalarna,FALSE,Race,The Clearcut,Time trial,29.9,Race
2021-01-19 20:06:46,https://drive.google.com/open?id=10cKavViLsm3tOSXFSuPfPRx9IoxmZXoF,hschindele,iOS,Dalarna,TRUE,Trail,Mora Barnyards,Time trial,24.45,Trail
2021-01-19 20:20:18,https://drive.google.com/open?id=1nGRoCy2RaiUYxbz3TkROOvsizN-MHYe9,Gjeep302,Android,Dalarna,FALSE,Race,Follow The Tracks,Time trial,32.93,Race
2021-01-19 20:58:08,https://drive.google.com/open?id=1AxyRfw2yu31VEnNzpIxyqkzz7NKdSk0Z,Gjeep302,Android,Dalarna,FALSE,Race,Zick Zack The Lift,Time trial,30.16,Race
2021-01-19 21:19:39,https://drive.google.com/open?id=1yjmT64-bvIU_HI_tIQnxt2xv2n9g7znL,Gjeep302,Android,Dalarna,FALSE,TTB,Dalarna Voyage,Time trial,42.71,TTB
2021-01-20 9:33:22,https://drive.google.com/open?id=1rHKPBpRrxDMNr2jOT1Hbuu1ssUx1GRvI,Mountain_Greg,Android,Dalarna,FALSE,Race,The Dala Horse Trail,Time trial,25.23,Race
2021-01-20 9:34:17,https://drive.google.com/open?id=17QgAbSRzFlTJ3x5zMqYhO2g6EGeHJIch,Mountain_Greg,Android,Dalarna,FALSE,Trail,Thru Alvdalen,Time trial,19.73,Trail
2021-01-20 12:55:50,https://drive.google.com/open?id=1Ldv3xbl7M3BxwmcMj6lzIdakZuzKhR7F,Mountain_Greg,Android,Dalarna,FALSE,Trail,Mora Barnyards,Time trial,25.4,Trail
2021-01-20 12:56:59,https://drive.google.com/open?id=1s26DnnCFmuwFl8aQqqeKExv50GpKRTob,Mountain_Greg,Android,Dalarna,FALSE,Race,Malung Scooter Club,Time trial,34.15,Race
2021-01-20 16:40:20,https://drive.google.com/open?id=1XHaKRRXP8jp9HcvJWX18x2kGr-Z0T0IZ,Gjeep302,Android,Dalarna,TRUE,Race,The Dala Horse Trail,Time trial,24.52,Race
2021-01-20 17:16:50,https://drive.google.com/open?id=1ARHYGYYBVVYMA8rdbweeaEq4k2xt2zs3,Gjeep302,Android,Dalarna,FALSE,Race,Follow The Trails Of Wasa,Time trial,28.27,Race
2021-01-20 17:45:08,https://drive.google.com/open?id=13kssPafnnr3Woj1QJJYN2tLDTQfxiUfA,Gjeep302,Android,Dalarna,FALSE,Race,Malung Scooter Club,Time trial,34.54,Race
2021-01-20 18:37:27,https://drive.google.com/open?id=17jWcK1xBrxI9IdRMkp_Kd5WP-QkHY8Ig,massiv97,Android,Dalarna,FALSE,Race,The Dala Horse Trail,Time trial,25.43,Race
2021-01-20 18:50:05,https://drive.google.com/open?id=1dhFEwHCWiw7WsS1TgYAqfKrY3I6atuii,hschindele,iOS,Dalarna,TRUE,Race,The Dala Horse Trail,Time trial,24.16,Race
2021-01-21 12:27:06,https://drive.google.com/open?id=1iig0bbkE88BNsPTa97d5YGmm6IJURaeS,SYNO,iOS,Dalarna,FALSE,Race,The Dala Horse Trail,Time trial,25.28,Race
2021-01-21 12:28:05,https://drive.google.com/open?id=1e97iF6odDNvEidA5LP0jSGeDtAPXzkYW,SYNO,iOS,Dalarna,FALSE,TTB,Dalarna Voyage,Time trial,42.18,TTB
2021-01-21 14:40:25,https://drive.google.com/open?id=1Q7QohmmO0nWnUmxL1tqjxR6GnqVwL7qF,massiv97,Android,Dalarna,FALSE,Trail,Mora Barnyards,Time trial,25.14,Trail
2021-01-21 14:41:13,https://drive.google.com/open?id=1dvln7xAJi29l6X5BxN9Djn0UtReA8T9d,massiv97,Android,Dalarna,FALSE,Trail,Thru Alvdalen,Time trial,19.94,Trail
2021-01-21 14:42:02,https://drive.google.com/open?id=1Oqv2DrXmYJGY_47pfujUa7NT-e46xwqN,massiv97,Android,Dalarna,FALSE,Trail,Leksand Rail,Time trial,18.98,Trail
2021-01-22 15:59:00,https://drive.google.com/open?id=1opncCouoU9yNDHSIMkMXMyEl3qHtCm6s,SYNO,iOS,Dalarna,FALSE,Trail,Thru Alvdalen,Time trial,19.81,Trail
2021-01-23 14:42:09,https://drive.google.com/open?id=1K80Uq2TDYHhkdsYia3s7noFd4YmE9IK0,Mountain_Greg,Android,Dalarna,FALSE,TTB,Dalarna Voyage,Time trial,42.36,TTB
2021-01-27 12:02:28,https://drive.google.com/open?id=1ScBqHx20YsOoJcOTIxZn_s7xGE5aimTA,Jamiemac,Android,Dalarna,FALSE,Race,The Dala Horse Trail,Time trial,25.4,Race
2021-01-28 8:25:09,https://drive.google.com/open?id=19CJaMP8XFmFdW4UF0NsyKvCOkySj_4WC,Jamiemac,Android,Dalarna,FALSE,Race,Skogsloppet,Time trial,37.43,Race
2021-01-29 3:08:20,https://drive.google.com/open?id=1e7XyoJg9RJ7sPGkOLPY35c5un3U9HWXX,Jamiemac,Android,Dalarna,FALSE,Race,Malung Scooter Club,Time trial,34.9,Race
2021-01-29 11:46:36,https://drive.google.com/open?id=17B6xoT7FQCv2jka8G1QjXYU2eYe_7yjg,Jamiemac,Android,Dalarna,FALSE,Race,Follow The Trails Of Wasa,Time trial,28.81,Race
2021-01-30 11:54:14,https://drive.google.com/open?id=1DY-TG_JTH40DYVGAnXPX0rP9JWGMLsNa,Jamiemac,Android,Dalarna,FALSE,Race,Zick Zack The Lift,Time trial,30.15,Race
2021-01-30 12:25:40,https://drive.google.com/open?id=1cxgw3J-MBkCgokGw9wZkbe-MkWHA7_C2,Jamiemac,Android,Dalarna,FALSE,Race,Follow The Tracks,Time trial,31.88,Race
2021-01-31 15:34:26,https://drive.google.com/open?id=1XTC7LFT2JnkqejIHLKaupbyonTt0I95a,Jamiemac,Android,Dalarna,FALSE,Race,The Clearcut,Time trial,29.47,Race
2021-01-31 16:16:24,https://drive.google.com/open?id=17pNHBaz-3J7rTwudUKtV7IA7GiwrVv2z,Jamiemac,Android,Dalarna,FALSE,Trail,Mora Barnyards,Time trial,25.13,Trail
2021-02-01 4:26:00,https://drive.google.com/open?id=1gtl865VNksEdAZRG2l0GD0GYrNSDyYvA,Jamiemac,Android,Dalarna,FALSE,Trail,Leksand Rail,Time trial,18.94,Trail
2021-02-01 12:39:31,https://drive.google.com/open?id=12jhrP4CPA3iNWdba_Nlq5b2ku54ba0fO,Jamiemac,Android,Dalarna,FALSE,Trail,Thru Alvdalen,Time trial,19.75,Trail
2021-02-01 12:49:04,https://drive.google.com/open?id=1m7esAmlk_MugtjIeMq548jozYAMHpPJK,Jamiemac,Android,Dalarna,FALSE,Trail,Drifting The Frozen Lake,Time trial,9.45,Trail
2021-02-02 3:18:20,https://drive.google.com/open?id=1lox4o35unmGe5o-MTfHq_KnAL7056bks,Jamiemac,Android,Dalarna,FALSE,TTB,Dalarna Voyage,Time trial,42.94,TTB
2021-02-08 10:43:15,https://drive.google.com/open?id=1NaKSSHQ8rESf3b9Fpr9TU3JbUNzN6rU4,Mountain_Greg,Android,Dalarna,FALSE,Race,Follow The Tracks,Time trial,31.72,Race
2021-02-10 17:10:01,https://drive.google.com/open?id=1jpU4gHzW5siB2mLTsvYBYIAaXcs9Bg9i,massiv97,Android,Dalarna,FALSE,Race,The Clearcut,Time trial,29.46,Race
2021-02-12 14:57:45,https://drive.google.com/open?id=1uxKfKr2UXZYxLqCiD25Xe-68UpeKEQ1u,Avel,iOS,Dalarna,FALSE,Race,Follow The Trails Of Wasa,Time trial,28.6,Race
2021-02-13 7:37:04,https://drive.google.com/open?id=1G-QfpFIyijqYj5gqi8MkcYCfvQSH7rUz,massiv97,Android,Dalarna,FALSE,Trail,Drifting The Frozen Lake,Time trial,9.22,Trail
2021-02-13 7:37:59,https://drive.google.com/open?id=1ejS4enKZd39eawhOHyTV-mNR_QwMrsbL,massiv97,Android,Dalarna,FALSE,Race,Follow The Tracks,Time trial,31.75,Race
2021-02-13 7:38:54,https://drive.google.com/open?id=1iKMG6-AIrhYkpR01sREe1CSE8AvXVp_B,massiv97,Android,Dalarna,FALSE,Race,Follow The Trails Of Wasa,Time trial,28.4,Race
2021-02-13 7:39:37,https://drive.google.com/open?id=1ulW1UcgZkXkWnVZMRYoanG7_iX80yJhg,massiv97,Android,Dalarna,FALSE,Trail,Mora Barnyards,Time trial,24.54,Trail
2021-02-13 7:40:25,https://drive.google.com/open?id=1V4G6fWHzWCsn9n3rd_ZwGE5HzkCTdiS5,massiv97,Android,Dalarna,FALSE,Race,Skogsloppet,Time trial,36.77,Race
2021-02-13 7:41:16,https://drive.google.com/open?id=1e8k6IbQ5huAHvNpaCrwNB1xtu7LhFiDs,massiv97,Android,Dalarna,FALSE,Race,The Clearcut,Time trial,29.09,Race
2021-02-13 7:42:22,https://drive.google.com/open?id=1O-WkCrhVvPISwe5eSpCyckAHT7bMpZdo,massiv97,Android,Dalarna,FALSE,Race,Zick Zack The Lift,Time trial,30.16,Race
2021-02-15 10:33:24,https://drive.google.com/open?id=1L9CCDoxfZwtYVkklYsKWdAkbI4DRA3tY,Avel,iOS,Dalarna,FALSE,Trail,Drifting The Frozen Lake,Time trial,9.63,Trail
2021-02-16 4:37:04,https://drive.google.com/open?id=1KcgxS2xWvsLe9do2aNgiqunRgMc9CEs0,Mountain_Greg,Android,Dalarna,FALSE,Trail,Mora Barnyards,Time trial,25.3,Trail
2021-02-16 14:09:21,https://drive.google.com/open?id=1gk8USVWa2yElhbJskbuLOeVYxk2LxXNx,Mountain_Greg,Android,Dalarna,FALSE,Race,The Clearcut,Time trial,29.18,Race
2021-02-16 14:10:11,https://drive.google.com/open?id=14u8uT7fxEaXE3PcxEFvPjPAUb7785JHB,Mountain_Greg,Android,Dalarna,FALSE,Race,Skogsloppet,Time trial,37.14,Race
2021-02-16 14:11:02,https://drive.google.com/open?id=1xi49J94I7IzVuhQUE3xJCMtDbR_ay6Qo,Mountain_Greg,Android,Dalarna,FALSE,Trail,Drifting The Frozen Lake,Time trial,9.46,Trail
2021-02-22 16:45:50,https://drive.google.com/open?id=1tqeqML7Z9VXeO2lE8Sup490VUIYLLCHA,Fenrir,Android,Dalarna,FALSE,Trail,Mora Barnyards,Time trial,24.69,Trail
2021-02-22 17:04:56,https://drive.google.com/open?id=1vSt4QVzK8EPG3otLJb_hyA2_v70q5Kkj,Fenrir,Android,Dalarna,FALSE,Race,The Clearcut,Time trial,29.9,Race
2021-02-22 17:13:22,https://drive.google.com/open?id=1VIeCl1bbCcWR6eg6EemPX4m8k_Xh60_h,Fenrir,Android,Dalarna,FALSE,Trail,Thru Alvdalen,Time trial,20.6,Trail
2021-02-23 6:30:40,https://drive.google.com/open?id=1aukbbrRGT8QszY11gYgprBXFIR4ufRSh,Mountain_Greg,Android,Dalarna,TRUE,Race,Skogsloppet,Time trial,36.64,Race
2021-02-24 13:31:17,https://drive.google.com/open?id=1OSsxwm5b6mDFXm0uWI-XcEvpYwLuRNiF,hschindele,iOS,Dalarna,TRUE,Race,Skogsloppet,Time trial,35.96,Race
2021-02-25 12:54:56,https://drive.google.com/open?id=15p6jO7dk9cKF30mrft1zJvU-ivoSKuaG,Skier50,iOS,Dalarna,FALSE,Race,Zick Zack The Lift,Time trial,30.48,Race
2021-02-25 12:55:45,https://drive.google.com/open?id=1iBOo9dkMpDXdMMNn_MWbomCHcPaYHV_c,Skier50,iOS,Dalarna,FALSE,Race,The Clearcut,Time trial,29.76,Race
2021-03-01 3:17:40,https://drive.google.com/open?id=17K18yDlcgs1rHk8mYEtfIB2Z10-TX8C9,Mountain_Greg,Android,Dalarna,TRUE,Trail,Mora Barnyards,Time trial,23.74,Trail
2021-03-01 3:18:17,https://drive.google.com/open?id=1S9YtgED4f-HyA4Siv_4QNowdBz7KzLfy,Mountain_Greg,Android,Dalarna,TRUE,Trail,Leksand Rail,Time trial,18.21,Trail
2021-03-02 17:33:44,https://drive.google.com/open?id=1YzehIcNNnS-_ZXYt46MjkKuF7OJg4ETa,hschindele,iOS,Dalarna,TRUE,Trail,Leksand Rail,Time trial,18.11,Trail
2021-03-02 17:34:19,https://drive.google.com/open?id=14gVkp4oErnzo_t_3-cabQOKyimcNNoYI,hschindele,iOS,Dalarna,TRUE,Trail,Mora Barnyards,Time trial,22.92,Trail
2021-03-04 12:03:50,https://drive.google.com/open?id=1tnczPpz9cAblUYua4UcgguqOew_nqAmE,Ryan Monty,Android,Dalarna,FALSE,Race,The Clearcut,Time trial,29.96,Race
2021-03-04 12:04:46,https://drive.google.com/open?id=1rYEP-mDr6YoFnOiGGhwO59WReM-qLaCa,Ryan Monty,Android,Dalarna,FALSE,Race,Follow The Tracks,Time trial,32.69,Race
2021-03-04 12:05:31,https://drive.google.com/open?id=1InI90AQONScqVr6GIa-KjFZMVhioE6wo,Ryan Monty,Android,Dalarna,FALSE,Race,Follow The Trails Of Wasa,Time trial,28.57,Race
2021-03-04 12:06:15,https://drive.google.com/open?id=1BE59Ci0DtHH7N4FM-mQm-W2uy2avsgif,Ryan Monty,Android,Dalarna,FALSE,Race,Skogsloppet,Time trial,37.42,Race
2021-03-04 12:06:51,https://drive.google.com/open?id=1-xC1pW_LPsQq6Fn0wPw5VMRYHAw5JSiy,Ryan Monty,Android,Dalarna,FALSE,Race,Zick Zack The Lift,Time trial,30.33,Race
2021-03-04 14:22:44,https://drive.google.com/open?id=1Zdvb5AUR7oUFvtmQtigV9eqpjRI4GKZZ,BouncyJello,Android,Dalarna,TRUE,Race,The Clearcut,Time trial,28.16,Race
2021-03-04 14:25:53,https://drive.google.com/open?id=1borb7zrszttc4S6MAHZM29jIakVujZOO,BouncyJello,Android,Dalarna,TRUE,Race,Follow The Tracks,Time trial,30.72,Race
2021-03-04 14:55:16,https://drive.google.com/open?id=1aDTgzlsdC-47OxtdtK_8M0debbBuQ1bZ,SYNO,iOS,Dalarna,FALSE,Race,Skogsloppet,Time trial,36.36,Race
2021-03-04 14:57:38,https://drive.google.com/open?id=1EDcFnO5kx222D0DkKxrYR9D0T4-7WWZy,SYNO,iOS,Dalarna,FALSE,Race,Malung Scooter Club,Time trial,32.15,Race
2021-03-04 14:58:40,https://drive.google.com/open?id=1PKhrOqTDZxcvCoaPcctV5mt4V_8OWtM2,SYNO,iOS,Dalarna,FALSE,Race,Follow The Tracks,Time trial,31.52,Race
2021-03-04 15:00:05,https://drive.google.com/open?id=1A0VFzbAwaETvmvo4bH_3CNM6BDPlUbCk,SYNO,iOS,Dalarna,FALSE,Race,The Clearcut,Time trial,28.74,Race
2021-03-04 15:01:05,https://drive.google.com/open?id=1FE3wLC3HS_xS_i4Srmwq__WbVjaemSfe,SYNO,iOS,Dalarna,TRUE,Trail,Drifting The Frozen Lake,Time trial,8.75,Trail
2021-03-04 15:01:57,https://drive.google.com/open?id=1ZN40sRO8Tv2FwwDbZfZNny7Ofzkp9wQl,SYNO,iOS,Dalarna,FALSE,Trail,Mora Barnyards,Time trial,22.99,Trail
2021-03-04 15:03:01,https://drive.google.com/open?id=16PBERV14kvQhB58bE018c8WOIL0PaUR_,SYNO,iOS,Dalarna,FALSE,Trail,Leksand Rail,Time trial,18.16,Trail
2021-03-04 21:19:42,https://drive.google.com/open?id=1hEgkApS-w3mWVIM4rKczV98ivbrOzrTu,hschindele,iOS,Dalarna,TRUE,Race,Follow The Tracks,Time trial,30.61,Race
2021-03-04 21:20:20,https://drive.google.com/open?id=1B8daFTrLSMLVQifJrwZKvO0D6pThwzs9,hschindele,iOS,Dalarna,TRUE,Race,The Clearcut,Time trial,26.47,Race
2021-03-05 6:18:38,https://drive.google.com/open?id=1ov8vPnEshFbFDUV0fjS2J_c6ycJljI-y,Mountain_Greg,Android,Dalarna,TRUE,TTB,Dalarna Voyage,Time trial,41.57,TTB
2021-03-05 6:19:28,https://drive.google.com/open?id=1l0Fwkx2w47rHSHUsbX7aL8m6T3eUX60m,Mountain_Greg,Android,Dalarna,FALSE,Trail,Drifting The Frozen Lake,Time trial,8.96,Trail
2021-03-05 6:20:09,https://drive.google.com/open?id=1eZPFLlxUKI7VqjWTbZM51EhCqs4XW8Iw,Mountain_Greg,Android,Dalarna,FALSE,Race,The Clearcut,Time trial,28.71,Race
2021-03-05 6:20:48,https://drive.google.com/open?id=1yAjGSqgVub22xzmwFeTiPeuTsknuKfAN,Mountain_Greg,Android,Dalarna,TRUE,Trail,Leksand Rail,Time trial,17.98,Trail
2021-03-05 6:21:39,https://drive.google.com/open?id=11FRDDyb67eg2cJDJawGUUp4AhO3vbLqi,Mountain_Greg,Android,Dalarna,TRUE,Trail,Mora Barnyards,Time trial,22.81,Trail
2021-03-05 11:25:07,https://drive.google.com/open?id=1hl44dJMMrREl8mAG2IysENNZpT1m7BRI,Skier50,iOS,Dalarna,FALSE,Trail,Drifting The Frozen Lake,Time trial,9.61,Trail
2021-03-05 13:05:47,https://drive.google.com/open?id=1UsWjKmhrxYsVawrDM72IFn4F_bfkuqgs,Ryan Monty,Android,Dalarna,FALSE,Race,The Dala Horse Trail,Time trial,25.45,Race
2021-03-05 13:06:31,https://drive.google.com/open?id=1K6eH_4ZCCFjCTnKQwPOxocVAcbMMvLdZ,Ryan Monty,Android,Dalarna,FALSE,Race,Malung Scooter Club,Time trial,35.48,Race
2021-03-05 13:07:19,https://drive.google.com/open?id=1bfnAHX5gWV6tKwnXXCwYD73-4kP7uTfp,Ryan Monty,Android,Dalarna,FALSE,Trail,Mora Barnyards,Time trial,25.22,Trail
2021-03-05 13:07:58,https://drive.google.com/open?id=1laXSaaCc1FCSwaQxTfqtyZVAdNyn-KM4,Ryan Monty,Android,Dalarna,FALSE,Trail,Leksand Rail,Time trial,18.87,Trail
2021-03-05 13:08:36,https://drive.google.com/open?id=1HrJ7DfEsQ5fpcMSu8yl4w6kNh8abfqkL,Ryan Monty,Android,Dalarna,FALSE,Trail,Thru Alvdalen,Time trial,19.81,Trail
2021-03-05 13:09:28,https://drive.google.com/open?id=19Fb5EN2kxLX0Pd69xSJHJ3BTIlWuBFq7,Ryan Monty,Android,Dalarna,FALSE,Trail,Drifting The Frozen Lake,Time trial,9.66,Trail
2021-03-05 13:10:05,https://drive.google.com/open?id=17JhrTRtDANFkCVyQ8vIoKvJmCId3Ge7j,Ryan Monty,Android,Dalarna,FALSE,TTB,Dalarna Voyage,Time trial,43.76,TTB
2021-03-05 14:55:56,https://drive.google.com/open?id=1UtLN2BLJPRZ3xdLUpIH6MQ3tiZAN-U59,hschindele,iOS,Dalarna,TRUE,Trail,Mora Barnyards,Time trial,22.72,Trail
2021-03-05 14:56:30,https://drive.google.com/open?id=1_0VI7QItqDY9EmcAoWkkbd_jjKosGSj3,hschindele,iOS,Dalarna,TRUE,Trail,Leksand Rail,Time trial,17.81,Trail
2021-03-05 14:57:02,https://drive.google.com/open?id=1FzXhgk7nEoo7vyY-6np3tDZKWZaLQUy8,hschindele,iOS,Dalarna,TRUE,TTB,Dalarna Voyage,Time trial,40.69,TTB
2021-03-06 17:27:25,https://drive.google.com/open?id=1mbF1w-CwYV0xDxixIS9iyxdY4fuUHyJ-,Pinsek,Android,Dalarna,FALSE,Race,The Clearcut,Time trial,29.92,Race
2021-03-06 17:35:06,https://drive.google.com/open?id=1BbooMS-a6xazf-tjLpzLv_YSSAAHedEO,Pinsek,Android,Dalarna,FALSE,Race,Zick Zack The Lift,Time trial,30.3,Race
2021-03-06 17:38:16,https://drive.google.com/open?id=1OIx67_ZNy1fZ0vapISN4QIxNJOvgwvmj,Avel,iOS,Dalarna,FALSE,Race,The Clearcut,Time trial,29.86,Race
2021-03-06 17:42:41,https://drive.google.com/open?id=1w05dEozFTmy3rmveKMdO8qpZyOWP5KRe,Pinsek,Android,Dalarna,FALSE,Race,Follow The Trails Of Wasa,Time trial,28.9,Race
2021-03-08 8:23:47,https://drive.google.com/open?id=1MZTz1cy4ZWADMIrgt0Z1L7dFNC7SET9_,Avel,iOS,Dalarna,FALSE,Race,The Dala Horse Trail,Time trial,26.36,Race
2021-03-08 8:26:52,https://drive.google.com/open?id=15VqNOvJRp6nqSyAwjsrLoFvx4hiSdrYE,Avel,iOS,Dalarna,FALSE,Race,Skogsloppet,Time trial,38.7,Race
2021-03-08 8:29:35,https://drive.google.com/open?id=1YkhmxV8LMDCSiDpCV6O1oyKHlZG6gnE_,Avel,iOS,Dalarna,FALSE,Race,Malung Scooter Club,Time trial,35.91,Race
2021-03-08 8:31:24,https://drive.google.com/open?id=17xJiD45AI_QH2WsiQAQSCiz6uT893tU3,Avel,iOS,Dalarna,FALSE,Race,Follow The Trails Of Wasa,Time trial,28.6,Race
2021-03-08 8:33:45,https://drive.google.com/open?id=1vGTknTz6UwozOmusQadHiKIbqToDW5ax,Avel,iOS,Dalarna,FALSE,Race,Zick Zack The Lift,Time trial,31.12,Race
2021-03-08 8:35:50,https://drive.google.com/open?id=1QorfXi-xec_GvlFteS98Ek0NlfN0oW7I,Avel,iOS,Dalarna,FALSE,Race,Follow The Tracks,Time trial,33.78,Race
2021-03-08 8:38:51,https://drive.google.com/open?id=1SQcVsQph-s4e9GRnjNQRh0hwf8hl0F05,Avel,iOS,Dalarna,FALSE,Trail,Leksand Rail,Time trial,20.12,Trail
2021-03-08 8:40:46,https://drive.google.com/open?id=1mzvnOGBmREMgS79z0s79w41oreE2hWA1,Avel,iOS,Dalarna,FALSE,Trail,Mora Barnyards,Time trial,27.18,Trail
2021-03-08 8:42:32,https://drive.google.com/open?id=1LDxAWinBuM5DCei6dwQBW5zOM_dloqHB,Avel,iOS,Dalarna,FALSE,Trail,Thru Alvdalen,Time trial,20.74,Trail
2021-03-08 8:44:22,https://drive.google.com/open?id=1HFelKsQhjMsU-rK_7U4T461HcobrgATt,Avel,iOS,Dalarna,FALSE,TTB,Dalarna Voyage,Time trial,46.2,TTB
2021-03-09 5:42:53,https://drive.google.com/open?id=1yLQEyDOTwrMCdodvrnbckZrrjU1QWxaK,Pinsek,Android,Dalarna,FALSE,Trail,Drifting The Frozen Lake,Time trial,9.57,Trail
2021-03-09 5:47:51,https://drive.google.com/open?id=1zxdOdJCguPBV1BB_YaEaqQoHExYrKcJh,Pinsek,Android,Dalarna,FALSE,Trail,Thru Alvdalen,Time trial,19.88,Trail
2021-03-09 6:13:23,https://drive.google.com/open?id=11nNFPykN0DkYkIVUo43Z5ZtucR38dYK4,Avel,iOS,Dalarna,FALSE,Race,Follow The Trails Of Wasa,Time trial,28.19,Race
2021-03-10 9:04:54,https://drive.google.com/open?id=1wViGwIbZrpch6uIPdUuIRhW77gEJJrto,Skier50,iOS,Dalarna,FALSE,Race,Follow The Trails Of Wasa,Time trial,28.75,Race
2021-03-11 5:51:39,https://drive.google.com/open?id=1-tkcnQY0uyk8IIAvyzTdBonJC8G2c8gI,Mountain_Greg,Android,Dalarna,FALSE,Race,Follow The Tracks,Time trial,31.44,Race
2021-03-11 5:52:31,https://drive.google.com/open?id=1GS_YHZWIjYo1vglsIBra_nm2hqIDwUjR,Mountain_Greg,Android,Dalarna,FALSE,Race,Malung Scooter Club,Time trial,33.63,Race
2021-03-11 5:53:13,https://drive.google.com/open?id=1xHgYIYL0Bifr8fKYQ9bsnjNd2Kwxjlcy,Mountain_Greg,Android,Dalarna,TRUE,Race,Skogsloppet,Time trial,35.82,Race
2021-03-11 5:53:58,https://drive.google.com/open?id=1mFc1JYeO4B9KknH9rlsue7JCWRLFSUSP,Mountain_Greg,Android,Dalarna,FALSE,Race,The Dala Horse Trail,Time trial,24.79,Race
2021-03-11 14:57:15,https://drive.google.com/open?id=1F1e5XJ4Rc5ocqfcxUqTyQ8gjvq6XjWTj,Skier50,iOS,Dalarna,FALSE,Race,Skogsloppet,Time trial,36.82,Race
2021-03-11 14:57:15,https://drive.google.com/open?id=1H56-5kFHYCib-MLoaB7ZZQs8PKihkOR8,Skier50,iOS,Dalarna,FALSE,Race,Malung Scooter Club,Time trial,35.11,Race
2021-03-11 14:58:55,https://drive.google.com/open?id=1YTcL3v3E1MdxW78V9K6KmX3Ouhhd9FM6,Skier50,iOS,Dalarna,FALSE,Race,Follow The Trails Of Wasa,Time trial,28.75,Race
2021-03-11 15:01:14,https://drive.google.com/open?id=1djmoa38-Lwma-nDPD2qcZn9Dr3iYx-FJ,hschindele,iOS,Dalarna,TRUE,Race,Skogsloppet,Time trial,35.64,Race
2021-03-11 22:51:15,https://drive.google.com/open?id=1g9lp6816kUkNderzc1Fvj2mtpo_ilD1X,Ryan Monty,Android,Dalarna,FALSE,Race,The Clearcut,Time trial,29.51,Race
2021-03-12 7:51:11,https://drive.google.com/open?id=1JABflSv_Pjz-fVntHGAHPaKh0vhsCMkf,Skier50,iOS,Dalarna,FALSE,Race,Follow The Tracks,Time trial,32.98,Race
2021-03-19 13:46:13,https://drive.google.com/open?id=1LTdJ_wKMknBLH1mp6EAXvMYDXsZhhEtn,Ryan Monty,Android,Dalarna,FALSE,Race,Skogsloppet,Time trial,37.29,Race
2021-03-19 14:07:19,https://drive.google.com/open?id=1SjX0oRfiJY-dh9-cY9OPuSzynY60ZIzG,Ryan Monty,Android,Dalarna,FALSE,TTB,Dalarna Voyage,Time trial,42.5,TTB
2021-03-22 6:28:18,https://drive.google.com/open?id=1odyfYb696quxsMpkiSSr9fGcn4bVNSi4,Mountain_Greg,Android,Dalarna,FALSE,Race,The Clearcut,Time trial,27.73,Race
2021-03-22 6:30:13,https://drive.google.com/open?id=1XOoSM7UtOB5gykV6QO4z7sExvgGxUY8v,Mountain_Greg,Android,Dalarna,FALSE,Trail,Thru Alvdalen,Time trial,19.56,Trail
2021-03-22 6:37:50,https://drive.google.com/open?id=1W1MAiwQ4nC_L_vKs1XY9HQlUaKbUrhb6,Mountain_Greg,Android,Dalarna,FALSE,Race,Follow The Tracks,Time trial,31.3,Race
2021-03-22 6:39:06,https://drive.google.com/open?id=1NbXh11Ck9xCHJAh1Bo-B1ByQNd_cFP72,Mountain_Greg,Android,Dalarna,FALSE,Race,Malung Scooter Club,Time trial,32.0,Race
2021-03-23 4:30:35,https://drive.google.com/open?id=15iICHA1HG9QdDrvulbIGfYMQDnneOhoH,Pinsek,Android,Dalarna,FALSE,Trail,Leksand Rail,Time trial,18.81,Trail
2021-03-23 7:46:53,https://drive.google.com/open?id=1OtPWI3eQbSoBIZQt3O38gI_gISAD0EXp,Pinsek,Android,Dalarna,FALSE,Race,The Dala Horse Trail,Time trial,25.31,Race
2021-03-23 13:01:09,https://drive.google.com/open?id=1u1nrns7YS--d6drACMHsZvTyZQLQwuoB,Pinsek,Android,Dalarna,FALSE,Race,Skogsloppet,Time trial,37.42,Race
2021-03-23 15:18:40,https://drive.google.com/open?id=1dKqvYaujg9dlvbofmVxH5evhw2Xiy8UU,Pinsek,Android,Dalarna,FALSE,TTB,Dalarna Voyage,Time trial,42.5,TTB
2021-03-23 15:26:12,https://drive.google.com/open?id=1Q39Kht5oANF1zA88i3ZSj1wHoah07mkv,Pinsek,Android,Dalarna,FALSE,Race,Malung Scooter Club,Time trial,34.14,Race
2021-03-23 16:41:02,https://drive.google.com/open?id=1ZGZWEttsZ_YK8sbA44ezv12Sfv8gPzmb,Pinsek,Android,Dalarna,FALSE,Race,Follow The Tracks,Time trial,32.72,Race
2021-03-24 10:02:10,https://drive.google.com/open?id=1JXDrE2ZyXmvkzZYQgqoP7N3a3w-TiJ8p,Pinsek,Android,Dalarna,FALSE,Trail,Mora Barnyards,Time trial,25.21,Trail
2021-03-26 11:37:06,https://drive.google.com/open?id=1LiBnxHg-NZKKPv8a3l7B_2Y_FjsEYTqe,Jamiemac,Android,Dalarna,FALSE,Race,The Dala Horse Trail,Time trial,24.26,Race
2021-03-26 13:56:54,https://drive.google.com/open?id=1JfMWw4WyUC_7HX3XO6M9mvkHuHnSSE5o,Jamiemac,Android,Dalarna,TRUE,Race,The Dala Horse Trail,Time trial,23.23,Race
2021-03-26 15:13:55,https://drive.google.com/open?id=1mvADIg3tpx1fzxypB4PqVkNJ3DKBW0mZ,BouncyJello,Android,Dalarna,TRUE,Race,The Dala Horse Trail,Time trial,22.76,Race
2021-03-27 9:12:43,https://drive.google.com/open?id=1UlU2GXlpRimgIQPSSNpF7RFa0xQcTB1B,Jamiemac,Android,Dalarna,FALSE,Race,Skogsloppet,Time trial,36.49,Race
2021-03-27 10:16:47,https://drive.google.com/open?id=1GA5yJcwScyYaKMDg-TCqE_mCVdfctFG7,Jamiemac,Android,Dalarna,FALSE,Race,Malung Scooter Club,Time trial,32.72,Race
2021-03-27 17:12:52,https://drive.google.com/open?id=1E9JT9_bB09otWIM1aAzkP2k-hvPb1Akb,Jamiemac,Android,Dalarna,TRUE,Race,Follow The Trails Of Wasa,Time trial,27.38,Race
2021-03-28 4:41:21,https://drive.google.com/open?id=1jL3rIugknLACsNdumHFK6fBONgqhii8e,Jamiemac,Android,Dalarna,FALSE,Race,Follow The Tracks,Time trial,31.61,Race
2021-03-28 6:30:57,https://drive.google.com/open?id=1EzfCyO1br1m6lT315U8W7MVANlR1CIzD,Jamiemac,Android,Dalarna,FALSE,Race,The Clearcut,Time trial,29.03,Race
2021-03-29 8:49:23,https://drive.google.com/open?id=1-GaMU8qLjP_KWUHpdEtdFaxO7gFQ1bfS,Jamiemac,Android,Dalarna,FALSE,Trail,Leksand Rail,Time trial,18.21,Trail
2021-03-29 9:41:28,https://drive.google.com/open?id=10sPJoAWxOSoa4MU_4_So_4RPLJn0lyme,hschindele,iOS,Dalarna,TRUE,Race,Follow The Trails Of Wasa,Time trial,27.0,Race
2021-03-30 0:36:00,https://drive.google.com/open?id=1D7qccIerdTQ1bTr9MUVmH8k6Y8e_kJpA,Ryan Monty,Android,Dalarna,FALSE,Race,Skogsloppet,Time trial,37.08,Race
2021-03-30 0:43:52,https://drive.google.com/open?id=1k6m2EOBPuBdQ1hw-ciNsiZq_ZZy8-zSa,Ryan Monty,Android,Dalarna,FALSE,Race,Zick Zack The Lift,Time trial,30.15,Race
2021-03-31 6:17:58,https://drive.google.com/open?id=11s3bayqc1G7F6BG0lEyy4ycseCyZR2ng,Skier50,iOS,Dalarna,FALSE,Race,The Dala Horse Trail,Time trial,25.22,Race
2021-03-31 6:18:47,https://drive.google.com/open?id=1K4xU5alYojguVtmBUq8gc8m6B2LZY45x,Skier50,iOS,Dalarna,FALSE,Trail,Thru Alvdalen,Time trial,19.98,Trail
2021-03-31 6:19:22,https://drive.google.com/open?id=1kJQQHntMCHVIOrPTVL5Zu57ePGkbzqgk,Skier50,iOS,Dalarna,FALSE,Trail,Leksand Rail,Time trial,18.91,Trail
2021-03-31 6:20:19,https://drive.google.com/open?id=1rYX8La73eHykstjRDjSL0nwufdSsRv4a,Skier50,iOS,Dalarna,FALSE,TTB,Dalarna Voyage,Time trial,43.73,TTB
2021-03-31 6:20:58,https://drive.google.com/open?id=137N1n3L8Qb0j-I1Gc8LeXw4ObG2QYxdE,Skier50,iOS,Dalarna,FALSE,Race,Follow The Tracks,Time trial,32.23,Race
2021-03-31 8:03:25,https://drive.google.com/open?id=1geWakUtuC6wEjJclKuHVsQJMmcY4ZDJD,Jamiemac,Android,Dalarna,FALSE,Trail,Drifting The Frozen Lake,Time trial,9.0,Trail
2021-03-31 11:20:16,https://drive.google.com/open?id=1SoIpcyyGpehJTZffOlv-aIWmkAq79rMt,Jamiemac,Android,Dalarna,TRUE,TTB,Dalarna Voyage,Time trial,39.95,TTB
2021-03-31 15:08:07,https://drive.google.com/open?id=1Eck0icaOd1psZ3TmwuBHiZg74aSL0xzA,Ryan Monty,Android,Dalarna,FALSE,TTB,Dalarna Voyage,Time trial,41.6,TTB
2021-03-31 18:52:32,https://drive.google.com/open?id=15Yr7PFMxigQpTGN_F2k8sQf7-n06E1Bi,hschindele,iOS,Dalarna,TRUE,TTB,Dalarna Voyage,Time trial,37.34,TTB
2021-04-01 9:24:24,https://drive.google.com/open?id=1pmbjN7UaGEZHK4BgrYBlhoFpaMgJ14nk,Avel,iOS,Dalarna,FALSE,TTB,Dalarna Voyage,Time trial,40.79,TTB
2021-04-04 1:41:23,https://drive.google.com/open?id=1ybK1MizMVt4GR_arSyVwYcl9nkjQP1sv,Mountain_Greg,Android,Dalarna,FALSE,TTB,Dalarna Voyage,Time trial,40.32,TTB
2021-04-04 14:24:40,https://drive.google.com/open?id=1WH3WMm5Pnf9gGSQ5TSKVFWSC8wwzbP_6,Jamiemac,Android,Dalarna,FALSE,Trail,Mora Barnyards,Time trial,24.3,Trail
2021-04-07 11:13:35,https://drive.google.com/open?id=1B3VU_hbiUqpoqU_bLUOUcqrCiYDjAyhg,Ryan Monty,Android,Dalarna,TRUE,Trail,Thru Alvdalen,Time trial,18.73,Trail
2021-04-07 11:45:33,https://drive.google.com/open?id=1kepruQxfCXDJqsxFq4iSIHuErS5fXRbb,Ryan Monty,Android,Dalarna,FALSE,Trail,Drifting The Frozen Lake,Time trial,9.07,Trail
2021-04-07 13:55:35,https://drive.google.com/open?id=1aDbcuQ6te9lacZ-a1JaTYcr_snIVoL2f,hschindele,iOS,Dalarna,TRUE,Trail,Thru Alvdalen,Time trial,18.71,Trail
2021-04-21 20:12:43,https://drive.google.com/open?id=1lNJ7KCRbIvWMYY0CxyHFWC2YT-d6djCe,Ryan Monty,Android,Dalarna,FALSE,Race,The Clearcut,Time trial,28.14,Race
2021-04-21 20:26:25,https://drive.google.com/open?id=1inCG1SzBHK-4WystgsDjGZKwan_40cpy,Ryan Monty,Android,Dalarna,FALSE,Race,Follow The Tracks,Time trial,31.73,Race
2021-04-21 20:33:06,https://drive.google.com/open?id=1vZSZqynES688K91pbFMNvtlqoJylfUCu,Ryan Monty,Android,Dalarna,FALSE,Race,Follow The Trails Of Wasa,Time trial,28.23,Race
2021-04-21 20:39:52,https://drive.google.com/open?id=1hQoCsMyZev6LRd49tJQxXKERq9N7k8v4,Ryan Monty,Android,Dalarna,FALSE,Race,Malung Scooter Club,Time trial,32.73,Race
2021-04-21 21:55:22,https://drive.google.com/open?id=1wtOMQtZl9yQedySBwYexNqjoY5ZV2NrH,Ryan Monty,Android,Dalarna,FALSE,Trail,Mora Barnyards,Time trial,23.68,Trail
2021-04-21 22:10:16,https://drive.google.com/open?id=1TH_mwaY9sNKlrOTXfQLrzRmaqqyaXe2e,Ryan Monty,Android,Dalarna,FALSE,Race,The Dala Horse Trail,Time trial,24.77,Race
2021-04-24 19:09:41,https://drive.google.com/open?id=1QdhyLq3_nGh-IZQv4F2w6g8y_MIeJwRd,Ryan Monty,Android,Dalarna,FALSE,Race,Skogsloppet,Time trial,36.26,Race
2021-04-26 2:26:38,https://drive.google.com/open?id=1tIRmMzyo-2laRwkb5cwExRQbVPk2QYEk,Ryan Monty,Android,Dalarna,TRUE,Race,Malung Scooter Club,Time trial,30.6,Race
2021-04-26 14:33:40,https://drive.google.com/open?id=1H23fq0IYivvZTr1n1GShhdDPb7qVUEQu,BouncyJello,Android,Dalarna,TRUE,Race,Malung Scooter Club,Time trial,29.42,Race
2021-04-29 7:49:33,https://drive.google.com/open?id=1DXi-EvZFioHet_8UHkr_NI_yMWpPSydd,Jamiemac,Android,Dalarna,FALSE,Race,Malung Scooter Club,Time trial,31.52,Race
2021-04-30 2:44:20,https://drive.google.com/open?id=1sPiizHZRPZx8AZBq7QNdk1Zfvg72a6dw,Jamiemac,Android,Dalarna,TRUE,Race,The Clearcut,Time trial,26.13,Race
2021-05-02 10:11:31,https://drive.google.com/open?id=1GNSTvbTLjQDCiZ4id0iUyMpkvxUPkJvy,hschindele,iOS,Dalarna,FALSE,Race,Malung Scooter Club,Time trial,29.88,Race
2021-05-04 16:11:38,https://drive.google.com/open?id=19f9JfLI5NWzvC548aki74O4mvIXUA3bw,BouncyJello,Android,Dalarna,TRUE,Race,The Clearcut,Time trial,25.98,Race
2021-05-11 2:30:40,https://drive.google.com/open?id=1jZV8iTNTRZ_4nkdvzD4V1MdsL0DO-Y6_,Avel,iOS,Dalarna,FALSE,Race,Skogsloppet,Time trial,37.2,Race
2021-05-11 2:32:17,https://drive.google.com/open?id=1Sy8WB9cpOecvBA1p4gRq65kZMJ6ElM5_,Avel,iOS,Dalarna,FALSE,Race,Malung Scooter Club,Time trial,33.46,Race
2021-05-11 2:33:03,https://drive.google.com/open?id=1hNvZt1Va3wtnVdktkmjPXS1yYA2MA6PW,Avel,iOS,Dalarna,FALSE,Race,Zick Zack The Lift,Time trial,30.29,Race
2021-05-29 7:49:51,https://drive.google.com/open?id=1GE9C0l8RtxVZMpDHGH_p6WFj_kROY3Z9,Avel,iOS,Dalarna,FALSE,Race,The Dala Horse Trail,Time trial,25.08,Race
2021-05-29 7:54:06,https://drive.google.com/open?id=1hwOz4IY-WuvxCL_KnvdeSK_TmEUbXN5I,Avel,iOS,Dalarna,FALSE,Trail,Mora Barnyards,Time trial,25.19,Trail
2021-05-30 16:54:01,https://drive.google.com/open?id=11n1kLXHH-9A4dUUhBj4KvhPjo07-iZFR,Skier50,iOS,Dalarna,FALSE,Trail,Mora Barnyards,Time trial,25.25,Trail
2021-05-30 20:41:43,https://drive.google.com/open?id=1rdwXxYmEBfUcTrlh65CFv0guy2WYZt_L,Skier50,iOS,Dalarna,FALSE,Race,The Clearcut,Time trial,27.2,Race
2021-06-01 9:03:18,https://drive.google.com/open?id=1N4qKvSjrr2tpP8xBrqQiXSpFVXrAjb-P,Skier50,iOS,Dalarna,FALSE,Race,Malung Scooter Club,Time trial,33.64,Race
2021-06-04 15:59:23,https://drive.google.com/open?id=1QCAvwirpfDohJVK5VKTut0zcUG-CckRd,massiv97,Android,Dalarna,FALSE,Race,Malung Scooter Club,Time trial,31.97,Race
2021-06-04 16:04:22,https://drive.google.com/open?id=1I45gkR81umh9meqgAECNSc7Bia_wBLZM,massiv97,Android,Dalarna,FALSE,Race,The Clearcut,Time trial,26.81,Race
2021-06-07 3:08:39,https://drive.google.com/open?id=1YiFiWXtp3vlYDJXZQXouEU5axKN17S6r,Avel,iOS,Dalarna,FALSE,Trail,Thru Alvdalen,Time trial,19.65,Trail
2021-06-07 3:10:36,https://drive.google.com/open?id=1DGfrkvpdyLbKSn-OLlwopiesJ3lTF6mA,Avel,iOS,Dalarna,FALSE,Trail,Leksand Rail,Time trial,18.92,Trail
2021-06-14 10:57:09,https://drive.google.com/open?id=1DDYC5-BW99iZPMBSyU8FhGinwbLsrBKk,Mountain_Greg,Android,Dalarna,FALSE,Race,The Clearcut,Time trial,26.9,Race
2021-06-14 10:57:41,https://drive.google.com/open?id=18bXruPJqeBMGbZmzvcg2hicW5S9AkUng,Mountain_Greg,Android,Dalarna,FALSE,Race,Follow The Trails Of Wasa,Time trial,27.14,Race
2021-06-14 10:58:10,https://drive.google.com/open?id=1NaAVt5UPZRQcHmXs700wJdIeW9Y41gXE,Mountain_Greg,Android,Dalarna,FALSE,Race,The Dala Horse Trail,Time trial,24.28,Race
2021-06-14 10:58:42,https://drive.google.com/open?id=1SgdGrCKsh6ilmdeIhCz9u2p3AGDF5as8,Mountain_Greg,Android,Dalarna,FALSE,TTB,Dalarna Voyage,Time trial,39.6,TTB
2021-06-18 10:12:00,https://drive.google.com/open?id=1RCkMI13684Hsq6SR9MBS9WBu8nzIbJY2,hschindele,iOS,Dalarna,TRUE,Trail,Drifting The Frozen Lake,Time trial,8.73,Trail
2021-06-22 5:01:01,https://drive.google.com/open?id=16ZQIhtlI9SrFwsInzfu5KbSIZf7Ro3CF,Mountain_Greg,Android,Dalarna,FALSE,TTB,Sarnaheden Sightseeing,Time trial,43.38,TTB
2021-06-22 10:01:43,https://drive.google.com/open?id=16jY28ZKb0FlejVT32UurhlZzqeZe7d4B,hschindele,iOS,Dalarna,TRUE,TTB,Sarnaheden Sightseeing,Time trial,42.26,TTB
2021-06-25 15:54:22,https://drive.google.com/open?id=1M3Pd-GMp2_OkdULAdfwPp781KWckWJLF,BouncyJello,Android,Dalarna,TRUE,Race,Zick Zack The Lift,Time trial,29.77,Race
2021-06-30 6:30:39,https://drive.google.com/open?id=1vJ8AWhxMci6CKyZJCZXCARXXtFIBXcbY,Mountain_Greg,Android,Dalarna,TRUE,TTB,Sarnaheden Sightseeing,Time trial,41.58,TTB
2021-06-30 19:05:43,https://drive.google.com/open?id=1pm_4f1m87Xc3nu0pbPZnSZANONzqxLTC,Skier50,iOS,Dalarna,FALSE,TTB,Sarnaheden Sightseeing,Time trial,42.88,TTB
2021-07-15 4:02:42,https://drive.google.com/open?id=11vhCq4A8lq0jljoQMed2hGgogc_ileOM,massiv97,Android,Dalarna,FALSE,Trail,Drifting The Frozen Lake,Time trial,8.94,Trail
2021-07-15 4:03:38,https://drive.google.com/open?id=1uSzOa0C7hGVWaVFTt_9nwigIETdzPkBX,massiv97,Android,Dalarna,FALSE,Trail,Leksand Rail,Time trial,18.37,Trail
2021-07-15 4:04:11,https://drive.google.com/open?id=1V2q1ftDfJDM8mInDJyn3dQ6DJyaGbiv0,massiv97,Android,Dalarna,FALSE,Trail,Mora Barnyards,Time trial,23.2,Trail
2021-07-15 4:04:53,https://drive.google.com/open?id=1ak9Aw1afnCbra5-_k4NR2_NyLsrAiu_L,massiv97,Android,Dalarna,FALSE,Race,Skogsloppet,Time trial,35.74,Race
2021-07-15 4:05:30,https://drive.google.com/open?id=1SZ8g7eRNwgy-OAQA0IEr8W0Hst3aE2kR,massiv97,Android,Dalarna,FALSE,Race,The Dala Horse Trail,Time trial,24.23,Race
2021-07-15 9:18:13,https://drive.google.com/open?id=148BLjswLnaE2am7qYZGMGrQCNOtGWpb4,Jamiemac,Android,Dalarna,FALSE,TTB,Sarnaheden Sightseeing,Time trial,43.92,TTB
2021-07-17 10:20:27,https://drive.google.com/open?id=1vl5LUYD36B7jre7cnkY-pVMGC0p7U-YK,massiv97,Android,Dalarna,FALSE,TTB,Sarnaheden Sightseeing,Time trial,43.82,TTB
2021-07-18 2:04:37,https://drive.google.com/open?id=12zGKs0_kXRUkCaxcwdpHJo3c45p3AV5u,Mountain_Greg,Android,Dalarna,FALSE,Race,Malung Scooter Club,Time trial,30.63,Race
2020-02-17 16:54:05,https://drive.google.com/open?id=1scOl2LgWP55UI8gSUkEDKy9NYyWFSKA3,BouncyJello,Android,Dalarna,TRUE,Race,Zick Zack The Lift,Time trial,29.88,Race
2020-03-02 18:33:57,https://drive.google.com/open?id=1J16_5I5OBlKX2QFdG4NqQwIYVL7fjlR6,BouncyJello,Android,Dalarna,TRUE,Race,Zick Zack The Lift,Time trial,29.86,Race
2020-03-29 18:07:56,https://drive.google.com/open?id=1kKoFvhAGMTsB62lo5DNI8vUAIV4frIn1,BouncyJello,Android,Dalarna,TRUE,Race,Skogsloppet,Time trial,37.09,Race
2020-03-30 8:45:08,https://drive.google.com/open?id=1Phfep3C4pbx0wSxPO0_HkUtCyKu6afhd,hschindele,iOS,Dalarna,TRUE,Race,Skogsloppet,Time trial,37.03,Race
2020-03-30 12:02:30,https://drive.google.com/open?id=1sXkaSI4rwVhWuFMffkm4LOiPXEoM0AOn,hschindele,iOS,Dalarna,TRUE,Race,Skogsloppet,Time trial,36.96,Race
2020-03-30 19:04:00,https://drive.google.com/open?id=1KuFhOfisr02FEu7Q-OJGJYnKlQQf0_xe,BouncyJello,Android,Dalarna,TRUE,Race,Skogsloppet,Time trial,36.88,Race
2020-04-23 22:39:52,https://drive.google.com/open?id=12p8YoxI-nfeC6JXZlmMko6iOB5D7rZu_,hschindele,iOS,Dalarna,TRUE,Race,The Dala Horse Trail,Time trial,25.18,Race
2020-04-23 22:41:05,https://drive.google.com/open?id=1Qhy4zB0P5sGugQVhCSVWlxC0N_j0K7Pb,hschindele,iOS,Dalarna,TRUE,Race,Malung Scooter Club,Time trial,38.21,Race
2020-04-23 22:42:27,https://drive.google.com/open?id=1qf9i7pMycNIL1f3BUOfCP18VGpr46ZzA,hschindele,iOS,Dalarna,TRUE,Race,Follow The Trails Of Wasa,Time trial,30.13,Race
2020-04-23 22:43:44,https://drive.google.com/open?id=1WjuZgt12k6-k3AW0SLT9REMnKXOfHQ4W,hschindele,iOS,Dalarna,TRUE,Race,Follow The Tracks,Time trial,34.34,Race
2020-04-23 22:45:36,https://drive.google.com/open?id=16GTa0Xs3E5dMLfU0OkmjqDgdxHqAgwqE,hschindele,iOS,Dalarna,TRUE,Race,The Clearcut,Time trial,30.81,Race
2020-04-23 22:49:43,https://drive.google.com/open?id=15ITEuZpSbZDjoTrzM6yxBz2i_eXzM0QX,hschindele,iOS,Dalarna,TRUE,Race,The Clearcut,Time trial,30.81,Race
2020-04-23 23:01:15,https://drive.google.com/open?id=1pXCyIuKwB69cMWXicbK4cL8TqFfgpoYy,hschindele,iOS,Dalarna,TRUE,Trail,Mora Barnyards,Time trial,27.0,Trail
2020-04-23 23:02:24,https://drive.google.com/open?id=1qbUX5OxKvZM_f6ao4xaxb-rv-6qrfXP7,hschindele,iOS,Dalarna,TRUE,Trail,Leksand Rail,Time trial,19.64,Trail
2020-04-23 23:03:39,https://drive.google.com/open?id=1Oiq7N7AFCMfcbaKBqKPwjcJc9Uc_imZB,hschindele,iOS,Dalarna,TRUE,Trail,Thru Alvdalen,Time trial,21.94,Trail
2020-04-23 23:06:51,https://drive.google.com/open?id=119m5oDKmBJIt1tlDDFF0TwH87R5jnfdo,hschindele,iOS,Dalarna,TRUE,TTB,Dalarna Voyage,Time trial,59.54,TTB
2020-04-24 5:24:31,https://drive.google.com/open?id=14fnZNngKKhfSUMS9_SK8Z5i83s45V0EP,Lars Schrier,iOS,Dalarna,TRUE,Trail,Leksand Rail,Time trial,19.62,Trail
2020-05-04 1:01:34,https://drive.google.com/open?id=1wMAt8U3LWFj3o-QOgVhXnJBUDqdeI9q-,SwampfoxAK,Android,Dalarna,TRUE,TTB,Dalarna Voyage,Time trial,45.11,TTB
2020-05-04 17:20:35,https://drive.google.com/open?id=1o9Iexu3jrM06W1i_2c5QS8M8En2sbHwW,Lars Schrier,iOS,Dalarna,TRUE,TTB,Dalarna Voyage,Time trial,44.47,TTB
2020-05-05 10:52:46,https://drive.google.com/open?id=1JrKJGO6b4S6nlZGbpgnFqsBNIicTrWDr,DeathSpawned,Android,Dalarna,TRUE,Race,Follow The Tracks,Time trial,31.85,Race
2020-05-12 9:33:58,https://drive.google.com/open?id=1f7r3xcBbzl_BjSYcHCGTj3PPgSoE1u7_,Lars Schrier,iOS,Dalarna,TRUE,Trail,Mora Barnyards,Time trial,25.78,Trail
2021-09-20 13:57:06,https://drive.google.com/open?id=1763M_pVzPzCP8qt0aWo17mwfawm_E9R9,Avel,iOS,Dalarna,TRUE,,Orsa Animal Park,High score,48133.0,Gated Trick
2021-09-25 22:40:12,https://drive.google.com/open?id=17iuJcMvV9FJZ9guMBCCIhCfZqBUZ5gNL,hschindele,iOS,Dalarna,TRUE,,Ice Slalom,Time trial,19.62,Trail
2021-09-26 14:01:45,https://drive.google.com/open?id=14vO6F9rDEVmla7vkMeW5szP8RPZPsNjR,massiv97,Android,Dalarna,FALSE,,Ice Slalom,Time trial,20.64,Trail
2021-09-26 15:25:50,https://drive.google.com/open?id=1hISxszSltqObgBp-iVzDL91jMp1h5h4n,massiv97,Android,Dalarna,TRUE,,Ski Jumping,High score,71.5,Long Jump
2021-09-28 21:00:56,https://drive.google.com/open?id=1rssYi-lZXS1dDQgAeEBcX1IzALH5DrxQ,Susannah,Android,Dalarna,FALSE,,Zick Zack The Lift,Time trial,30.25,Race
2021-09-30 7:09:30,https://drive.google.com/open?id=1RRz6uQctP5Lu6r8y5oCUoNH7yJcHIJVd,Avel,iOS,Dalarna,TRUE,,Ice Slalom,Time trial,19.19,Trail
2021-10-02 15:43:27,https://drive.google.com/open?id=1vj_OG0s9yFMOCg83bbYhEDt6mWkFdax9,Gucci Garrett,Android,Dalarna,FALSE,,Ice Slalom,Time trial,21.39,Trail
2021-10-02 15:43:30,https://drive.google.com/open?id=10tby0TBF949CTc85CGS7uXlTwjx10sMb,Foxster,Android,Dalarna,TRUE,,Fulu Air,High score,8603.0,Single Trick
2021-10-03 9:02:12,https://drive.google.com/open?id=1Iu2xE-wsDh3PibPw-HnL4eq0WNQN5xW7,massiv97,Android,Dalarna,FALSE,,Ice Slalom,Time trial,20.04,Trail
2021-10-05 14:01:38,https://drive.google.com/open?id=14WTXGG5N5kSTbRS9JWlzuD_2UkYzHCSD,Mountain_Greg,Android,Dalarna,FALSE,,Ice Slalom,Time trial,19.99,Trail
2021-10-10 13:54:48,https://drive.google.com/open?id=1ZwpE74G4QdYblIUGOqvg41Sfax27mYHZ,Avel,iOS,Dalarna,TRUE,,Sarnaheden Sightseeing,Time trial,43.91,TTB
2021-10-11 6:40:39,https://drive.google.com/open?id=1oAk1gO-jA4MgwH41XWLPl2uNvk2XJ8Gi,massiv97,Android,Dalarna,TRUE,,Fulu Air,High score,12901.0,Single Trick
2021-10-11 6:41:17,https://drive.google.com/open?id=1lMpGatBZKYj9QeAXdgN6ecjlRl4BZMUe,massiv97,Android,Dalarna,FALSE,,Orsa Animal Park,High score,29624.0,Gated Trick
2021-10-27 13:53:10,https://drive.google.com/open?id=1ze7-da_mrFeAsOxCnvwnN3D281TEyFYQ,Jamiemac,Android,Dalarna,TRUE,,Ice Slalom,Time trial,18.92,Trail
2021-10-27 14:14:04,https://drive.google.com/open?id=1YE4SFiFDWbUCDJ0qDn7_b5eqdSOWM2Rp,Jamiemac,Android,Dalarna,TRUE,,Fulu Air,High score,13466.0,Single Trick
2021-10-28 6:10:16,https://drive.google.com/open?id=1NRXpKommJdlmT5GgSlxk65_Qydk0m4Mf,Jamiemac,Android,Dalarna,FALSE,,Ski Jumping,High score,45.1,Long Jump
2021-10-29 12:30:01,https://drive.google.com/open?id=1xQlAduu7DTzC0WIpiH7cxHTgc34fqLEN,Jamiemac,Android,Dalarna,FALSE,,Orsa Animal Park,High score,34167.0,Gated Trick
2021-11-06 9:11:36,https://drive.google.com/open?id=1uSH_1H1OJC7k5un9xTeNuD4QNuY2K-3r,Avel,iOS,Dalarna,FALSE,,Follow The Tracks,Time trial,32.72,Race
2021-11-25 4:16:53,https://drive.google.com/open?id=1nD0b-F5ZUgG-S8S1e7K-RnmqSJn75Aix,Mountain_Greg,Android,Dalarna,TRUE,,Dalarna Voyage,Time trial,36.87,TTB
2021-12-17 0:49:26,https://drive.google.com/open?id=1grR465INxajPV8kHVaCUsnhyK-iRSQ8Q,Avel,iOS,Dalarna,TRUE,,Orsa Animal Park,High score,51240.0,Gated Trick
2021-12-17 0:50:20,https://drive.google.com/open?id=1PhHiWIXt-y_0ZRhIQi7_04ii1H_B3C2r,Avel,iOS,Dalarna,FALSE,,Fulu Air,High score,11545.0,Single Trick
2021-12-17 0:51:36,https://drive.google.com/open?id=1itKcSKuE6ObwHQaTfAYLDjVdwxVvHS11,Avel,iOS,Dalarna,FALSE,,Ski Jumping,High score,43.3,Long Jump
2021-12-18 12:54:10,https://drive.google.com/open?id=1Q93ChfoQAfQS7J5GOd_maQ7MpCHmmbaa,Koolaid,iOS,Dalarna,FALSE,,Fulu Air,High score,10037.0,Single Trick
2021-12-21 5:59:43,https://drive.google.com/open?id=1d_QczFlhqMkEx4cMlc_cW_6ZGEK_GIJv,Mountain_Greg,Android,Dalarna,FALSE,,Fulu Air,High score,11701.0,Single Trick
2021-12-21 6:00:17,https://drive.google.com/open?id=15F6GAPw43Z0yRN7UkY69-d9ZQfqhfzxR,Mountain_Greg,Android,Dalarna,FALSE,,Ski Jumping,High score,46.5,Long Jump
2021-12-22 9:38:09,https://drive.google.com/open?id=1m2Sz_Lhhe8X-kK94A3efDBunhH3sG4nL,hschindele,iOS,Dalarna,TRUE,,Ice Slalom,Time trial,18.85,Trail
2021-12-22 9:56:00,https://drive.google.com/open?id=1XRhIdcv4S97Ow-4o-zg-Eq4emQe4P0fw,Koolaid,iOS,Dalarna,FALSE,,Fulu Air,High score,13342.0,Single Trick
2021-12-22 12:15:03,https://drive.google.com/open?id=1tpE7BOJSQKOq2y7UgW_P4IeSVDRRTzkf,Avel,iOS,Dalarna,FALSE,,Fulu Air,High score,14336.0,Single Trick
2021-12-23 11:29:34,https://drive.google.com/open?id=17XdHrHKq1Y4IYWXDYuXGmNq_ws5dpTRX,Mountain_Greg,Android,Dalarna,FALSE,,Orsa Animal Park,High score,36170.0,Gated Trick
2021-12-24 12:09:17,https://drive.google.com/open?id=1H9vZAJxmLPMn1iy19lB2j7PRsKzB7lYJ,Jamiemac,Android,Dalarna,TRUE,,Fulu Air,High score,16603.0,Single Trick
2021-12-25 19:35:18,https://drive.google.com/open?id=1m5TdBM5dEi-zQ5XHKwyomjmSBJ49J0Ig,Skier50,iOS,Dalarna,TRUE,,Fulu Air,High score,19582.0,Single Trick
2021-12-30 14:32:47,https://drive.google.com/open?id=1eNNAzw-UTzHbSFpQF0DvCvFU_XUuhvVF,Avel,iOS,Dalarna,TRUE,,Leksand Rail,Time trial,17.64,Trail
2022-02-16 10:35:05,https://drive.google.com/open?id=1faLZVInkspUU4qYzfTj657ae0NAY0IUD,hschindele,iOS,Dalarna,FALSE,,Ski Jumping,High score,70.1,Long Jump
2022-02-16 13:55:29,https://drive.google.com/open?id=1_blYP8hqm5moiwPoLPYHbwJ-ojXm6xKr,hschindele,iOS,Dalarna,FALSE,,Fulu Air,High score,12621.0,Single Trick
2022-02-16 21:08:24,https://drive.google.com/open?id=1F0YjVkl2axFYbHEC5rQD6SgSdNvz_Jqp,hschindele,iOS,Dalarna,FALSE,,Orsa Animal Park,High score,29170.0,Gated Trick
2022-02-20 10:14:35,https://drive.google.com/open?id=1yw7TgfL_lgQQvqYIgpkbreXC_Uf8Wuw0,Foxster,Android,Dalarna,FALSE,,The Dala Horse Trail,Time trial,24.98,Race
2022-02-20 10:43:52,https://drive.google.com/open?id=18rMMupH0wm9ktPfyFod8kw4ncHphPLVE,Foxster,Android,Dalarna,FALSE,,Skogsloppet,Time trial,37.39,Race
