Timestamp,Link,Name,OS,Mountain,Select TT Challenge.10,Enter time as (sec).(mil) EX: 62.69.10,Select HS Challenge.10,Enter score as just a number.10,Challenge Type.9,Was WR,Unnamed: 69,challenge name,type,score,chaltype
2020-12-25 5:06:03,https://drive.google.com/open?id=1MYg0L5k7SM0-rWIsRjPa7ghimwYRUEBM,James :),Android,Mount Fairview,,,,,,TRUE,Race,Grand Mountain Cup I,Time Trial,18.12,Race
2020-12-25 8:51:33,https://drive.google.com/open?id=19VZ2T88Z2l3ir4_cOv8qHIqOEjO8tjKr,hschindele,iOS,Mount Fairview,,,,,,TRUE,Race,Grand Mountain Cup I,Time Trial,18.09,Race
2021-01-26 14:07:28,https://drive.google.com/open?id=1KZEx2AVbj1e-J0Byalg09EPIrboPcFc8,Mountain_Greg,Android,Mount Fairview,,,,,,TRUE,TTB,Serenade Summit Race,Time Trial,44.76,TTB
2021-01-26 14:17:13,https://drive.google.com/open?id=1e78wQArdQyFtcUvgm9L0n9iSVTTkQyRD,hschindele,iOS,Mount Fairview,,,,,,TRUE,Race,Grand Mountain Cup II,Time Trial,31.65,Race
2021-01-26 14:17:47,https://drive.google.com/open?id=1RFT1ruX0ic5klCcTmvCxpRO0-Ux9lPFZ,hschindele,iOS,Mount Fairview,,,,,,TRUE,Race,Grand Mountain Cup III,Time Trial,59.19,Race
2021-01-26 14:18:23,https://drive.google.com/open?id=1pY8MuOdwgZOvC5FatQAWU931feXdd8J7,hschindele,iOS,Mount Fairview,,,,,,TRUE,Race,Beaver Creek Dance,Time Trial,25.97,Race
2021-01-26 14:20:11,https://drive.google.com/open?id=1fdGDekcBeyEyXnEEXxjPKDdp8BYLXKeg,hschindele,iOS,Mount Fairview,,,,,,TRUE,Race,Peregrine Falcon,Time Trial,18.37,Race
2021-01-26 14:20:46,https://drive.google.com/open?id=1w2l5FQ3VXZZiUID0QyJJ9dxcWn10f7OR,hschindele,iOS,Mount Fairview,,,,,,TRUE,Race,Fairview Cloud Line,Time Trial,23.8,Race
2021-01-26 14:21:29,https://drive.google.com/open?id=1LTEUi0NISDPi6KxYIL75HZyMzaKxOzj2,hschindele,iOS,Mount Fairview,,,,,,TRUE,Trail,The Silver Dragon,Time Trial,15.39,Trail
2021-01-26 14:22:07,https://drive.google.com/open?id=1aOTR4VpDE35VlpvnieJ4NmbGWzgfaU2h,hschindele,iOS,Mount Fairview,,,,,,TRUE,Trail,The Buried Path,Time Trial,40.96,Trail
2021-01-26 14:22:40,https://drive.google.com/open?id=1vCiNc6M7T6wUIors6B6G0dB1P0AiJkMj,hschindele,iOS,Mount Fairview,,,,,,TRUE,Trail,The Woodpecker Trail,Time Trial,49.17,Trail
2021-01-26 14:23:14,https://drive.google.com/open?id=1iy_-TzWnaGAx-dV1qpmvFDbKfARzxst2,hschindele,iOS,Mount Fairview,,,,,,TRUE,Trail,Shadows Trail,Time Trial,58.9,Trail
2021-01-26 14:25:27,https://drive.google.com/open?id=1avkxk_kFBWK8FDjmYWy2BbAkN7OcT9ui,hschindele,iOS,Mount Fairview,,,,,,TRUE,TTB,Spinel Crest Race,Time Trial,39.89,TTB
2021-01-26 14:26:06,https://drive.google.com/open?id=1FdvK5ZLKhm6vYSZMAq_LN-rdR5lJT_bz,hschindele,iOS,Mount Fairview,,,,,,TRUE,TTB,Serenade Summit Race,Time Trial,44.72,TTB
2021-01-26 18:26:36,https://drive.google.com/open?id=128gx9dFVi6XYZZyxy4x94LzxDsPQf31I,massiv97,Android,Mount Fairview,,,,,,FALSE,Race,Grand Mountain Cup I,Time Trial,18.24,Race
2021-01-26 18:27:12,https://drive.google.com/open?id=1EgVYnjQTm6C4DlORNIK6B0iVUbihBAbw,massiv97,Android,Mount Fairview,,,,,,TRUE,Trail,The Silver Dragon,Time Trial,15.39,Trail
2021-01-27 2:07:53,https://drive.google.com/open?id=1OmzoiybkEbuZwGNbogsVH6DfCqYPsPlp,Mountain_Greg,Android,Mount Fairview,,,,,,TRUE,TTB,Serenade Summit Race,Time Trial,43.86,TTB
2021-01-27 7:29:41,https://drive.google.com/open?id=1-3ryrSz6HErL7z7WnQin_KdvLut1R3Ds,Mountain_Greg,Android,Mount Fairview,,,,,,FALSE,Race,Peregrine Falcon,Time Trial,18.46,Race
2021-01-27 7:30:38,https://drive.google.com/open?id=1X0VVcDEjuzgxi4nqoAqU81B66Iu4L-9w,Mountain_Greg,Android,Mount Fairview,,,,,,TRUE,Trail,Shadows Trail,Time Trial,57.94,Trail
2021-01-27 13:23:56,https://drive.google.com/open?id=17FSAh3zUJ47WZH7RiNdL50GilCXwfN6i,massiv97,Android,Mount Fairview,,,,,,FALSE,TTB,Serenade Summit Race,Time Trial,44.9,TTB
2021-01-27 18:21:05,https://drive.google.com/open?id=1r1qoRRjxRdO0P4GP4dydFYRP6n7HJcSG,hschindele,iOS,Mount Fairview,,,,,,TRUE,TTB,Serenade Summit Race,Time Trial,43.7,TTB
2021-01-28 12:01:15,https://drive.google.com/open?id=1_qGa7wOQWyMm5A8hQPVoUJO7VxYej-8l,Gjeep302,Android,Mount Fairview,,,,,,TRUE,Race,Peregrine Falcon,Time Trial,18.21,Race
2021-01-28 20:21:08,https://drive.google.com/open?id=12TaFBPRb7pAghIZzq8cVBxYG9SHSwWi_,hschindele,iOS,Mount Fairview,,,,,,TRUE,Race,Peregrine Falcon,Time Trial,18.14,Race
2021-01-29 4:56:50,https://drive.google.com/open?id=17Ga14F4OrL68hs6HiQCHM3ex5ntV3Ao5,Mountain_Greg,Android,Mount Fairview,,,,,,FALSE,Race,Grand Mountain Cup II,Time Trial,32.49,Race
2021-01-29 4:57:39,https://drive.google.com/open?id=1eE67rznGm08I2TfAu8_oI4Vj6hRf4AdP,Mountain_Greg,Android,Mount Fairview,,,,,,FALSE,Race,Grand Mountain Cup I,Time Trial,18.18,Race
2021-01-29 4:58:30,https://drive.google.com/open?id=1eP3OynwzkcQgitTBoQOT_CDx3Ac7Fdlf,Mountain_Greg,Android,Mount Fairview,,,,,,FALSE,Race,Fairview Cloud Line,Time Trial,24.02,Race
2021-01-30 18:56:03,https://drive.google.com/open?id=1Ck82s9assq4JzbMFv353kROkeyiITedk,massiv97,Android,Mount Fairview,,,,,,FALSE,Race,Peregrine Falcon,Time Trial,18.47,Race
2021-01-30 18:57:26,https://drive.google.com/open?id=1Ec2OspSnPzagzD1aLAoZx26Juk5xJ2tC,massiv97,Android,Mount Fairview,,,,,,FALSE,Race,Fairview Cloud Line,Time Trial,24.29,Race
2021-01-31 13:39:44,https://drive.google.com/open?id=1e1GviFkH-1jDi5r8sC2sQ36aq-uHwZ4I,massiv97,Android,Mount Fairview,,,,,,FALSE,Race,Beaver Creek Dance,Time Trial,26.6,Race
2021-01-31 13:40:35,https://drive.google.com/open?id=1CgjgvnWPirW4rP2hNjQUAD6AaTFMQmd-,massiv97,Android,Mount Fairview,,,,,,FALSE,Race,Grand Mountain Cup III,Time Trial,60.73,Race
2021-01-31 13:41:25,https://drive.google.com/open?id=19FkeqzEnQ-9nCoC5kKVmAlpgxWtHd9N_,massiv97,Android,Mount Fairview,,,,,,FALSE,Race,Grand Mountain Cup II,Time Trial,32.6,Race
2021-01-31 13:42:18,https://drive.google.com/open?id=172Nx60SkzHQ6JGymMUKKWyuN8fEb3IJn,massiv97,Android,Mount Fairview,,,,,,FALSE,Trail,The Buried Path,Time Trial,43.44,Trail
2021-01-31 13:43:07,https://drive.google.com/open?id=1BjczykSeIrp0iNgzRwhFKntSuQCfaIuv,massiv97,Android,Mount Fairview,,,,,,FALSE,Trail,The Woodpecker Trail,Time Trial,52.94,Trail
2021-01-31 13:43:59,https://drive.google.com/open?id=1n7zPs99Z1r68hJOLIyUIZAYFYKl5KiTe,massiv97,Android,Mount Fairview,,,,,,FALSE,Trail,Shadows Trail,Time Trial,59.69,Trail
2021-01-31 13:44:48,https://drive.google.com/open?id=1TKFvODYGf2KDjJg6fz_kaD00sAvGDlH1,massiv97,Android,Mount Fairview,,,,,,FALSE,TTB,Spinel Crest Race,Time Trial,42.43,TTB
2021-02-01 14:55:20,https://drive.google.com/open?id=19c8AhbP6VUzcrN4NDn_6f0Gt_io9gYgC,Mountain_Greg,Android,Mount Fairview,,,,,,FALSE,Race,Beaver Creek Dance,Time Trial,25.99,Race
2021-02-01 16:57:52,https://drive.google.com/open?id=1U6Sxlw6HtQIUGMO-DsLvd25rw25mVgne,massiv97,Android,Mount Fairview,,,,,,TRUE,Race,Beaver Creek Dance,Time Trial,25.54,Race
2021-02-03 10:38:15,https://drive.google.com/open?id=1KR0JSIjeWf4fdMi2xixH5eCoTPO5lO7X,Mountain_Greg,Android,Mount Fairview,,,,,,FALSE,Trail,The Buried Path,Time Trial,42.29,Trail
2021-02-03 10:39:54,https://drive.google.com/open?id=1_QzCO8YFXgrA2VXSjRLT1BacEbpRkxJl,Mountain_Greg,Android,Mount Fairview,,,,,,FALSE,Trail,The Woodpecker Trail,Time Trial,49.97,Trail
2021-02-03 16:04:17,https://drive.google.com/open?id=1qxNaCooUEyz5hDGqWjzL9WgEhfrpprWW,massiv97,Android,Mount Fairview,,,,,,FALSE,Race,Grand Mountain Cup II,Time Trial,32.37,Race
2021-02-03 20:02:27,https://drive.google.com/open?id=1m_ygnRJcQcoePkjqIP9tJhsNsCB8Kzr6,SYNO,iOS,Mount Fairview,,,,,,FALSE,Race,Grand Mountain Cup I,Time Trial,18.15,Race
2021-02-03 20:03:29,https://drive.google.com/open?id=1TfWnKwg7RhcH4wU920LUA2hFSIF38w1n,SYNO,iOS,Mount Fairview,,,,,,FALSE,Race,Grand Mountain Cup II,Time Trial,32.23,Race
2021-02-03 20:04:37,https://drive.google.com/open?id=1-Cx85W_xtG0xzrMFWt94nMlzjmFuzrMu,SYNO,iOS,Mount Fairview,,,,,,FALSE,Race,Fairview Cloud Line,Time Trial,24.24,Race
2021-02-03 20:05:45,https://drive.google.com/open?id=1GFY3KG_mYfZLKJsRQdAR24ywnxBz63iW,SYNO,iOS,Mount Fairview,,,,,,FALSE,Race,Beaver Creek Dance,Time Trial,25.96,Race
2021-02-03 20:06:56,https://drive.google.com/open?id=1rnzcAl91TEnc2d2oqm4IFhzekQDpl8UP,SYNO,iOS,Mount Fairview,,,,,,FALSE,Race,Peregrine Falcon,Time Trial,18.2,Race
2021-02-03 20:08:12,https://drive.google.com/open?id=1BFEh_E4br0NKP3dDEUzLy56iIVGlvVq_,SYNO,iOS,Mount Fairview,,,,,,FALSE,Race,Grand Mountain Cup III,Time Trial,59.93,Race
2021-02-03 20:08:53,https://drive.google.com/open?id=1qTSoIz6bHymcXqTes_wUBtc01hcO5UM1,SYNO,iOS,Mount Fairview,,,,,,TRUE,Trail,The Silver Dragon,Time Trial,15.34,Trail
2021-02-04 17:29:23,https://drive.google.com/open?id=1oQ6LselgE_9L2Sv0AN2l0_wASYyRKZjV,massiv97,Android,Mount Fairview,,,,,,FALSE,Race,Grand Mountain Cup III,Time Trial,59.86,Race
2021-02-05 3:52:18,https://drive.google.com/open?id=1cQ8Cr3F56LDSDoIqYkuu-hpe52jNavR2,Mountain_Greg,Android,Mount Fairview,,,,,,FALSE,Trail,The Silver Dragon,Time Trial,15.37,Trail
2021-02-05 16:48:49,https://drive.google.com/open?id=18FCjJfPuI9etgA4ck9BCdervhcnIBMTA,Mountain_Greg,Android,Mount Fairview,,,,,,FALSE,TTB,Spinel Crest Race,Time Trial,41.42,TTB
2021-02-05 18:41:24,https://drive.google.com/open?id=1Z-6kXZaITYziAqj68G7pSIKQms-v60ah,massiv97,Android,Mount Fairview,,,,,,FALSE,Trail,The Woodpecker Trail,Time Trial,49.96,Trail
2021-02-06 13:25:40,https://drive.google.com/open?id=1njpuiVd6_09yM8sL48_DA-ovCks1BmSR,massiv97,Android,Mount Fairview,,,,,,FALSE,Trail,Shadows Trail,Time Trial,58.89,Trail
2021-02-06 13:26:13,https://drive.google.com/open?id=1cyXiObbsnB_gWAHlR2DWbsxVedMDPTcF,massiv97,Android,Mount Fairview,,,,,,FALSE,TTB,Spinel Crest Race,Time Trial,41.8,TTB
2021-02-06 15:51:13,https://drive.google.com/open?id=1noLRo3CzhIe3fwWLgFlZcu2dELjU5myg,Mountain_Greg,Android,Mount Fairview,,,,,,FALSE,TTB,Spinel Crest Race,Time Trial,41.12,TTB
2021-02-06 17:59:04,https://drive.google.com/open?id=1ahSSiQFS9R4wCZoXPqYUyji4_m5l81ZO,massiv97,Android,Mount Fairview,,,,,,FALSE,Trail,The Buried Path,Time Trial,42.19,Trail
2021-02-07 15:17:16,https://drive.google.com/open?id=16VUL3SyIDltNKVz8p7cSn26iDM3ucmd5,Mountain_Greg,Android,Mount Fairview,,,,,,FALSE,Race,Grand Mountain Cup III,Time Trial,59.86,Race
2021-02-13 17:23:30,https://drive.google.com/open?id=1rul-GDq0H46eQw4VqmaMDAt0rCoF9jSD,SYNO,iOS,Mount Fairview,,,,,,FALSE,Trail,The Buried Path,Time Trial,41.32,Trail
2021-02-13 17:24:38,https://drive.google.com/open?id=1FUg64DatZ3lwEj6RfknxNmIDluO4WfBa,SYNO,iOS,Mount Fairview,,,,,,FALSE,Trail,The Woodpecker Trail,Time Trial,49.85,Trail
2021-02-13 17:25:22,https://drive.google.com/open?id=1EYFb5Ap41Ib36aw9kDpnxDLsYYMyYXnG,SYNO,iOS,Mount Fairview,,,,,,FALSE,Trail,Shadows Trail,Time Trial,58.85,Trail
2021-02-13 17:26:24,https://drive.google.com/open?id=1SIo9YlCT5w9GamSHKm-4UIMLUsm4u2vR,SYNO,iOS,Mount Fairview,,,,,,FALSE,TTB,Spinel Crest Race,Time Trial,41.36,TTB
2021-02-13 17:27:12,https://drive.google.com/open?id=1n6U71IDnlHXN3GoA_SHx1YA_TE3Yp-ES,SYNO,iOS,Mount Fairview,,,,,,FALSE,TTB,Serenade Summit Race,Time Trial,44.97,TTB
2021-02-14 15:20:28,https://drive.google.com/open?id=1YS4eZO8-3ZU7tTVoDVt0FDO5MPjI5EgH,Gjeep302,Android,Mount Fairview,,,,,,FALSE,TTB,Serenade Summit Race,Time Trial,44.85,TTB
2021-02-22 16:58:46,https://drive.google.com/open?id=1UdRMlGB_G1acaP57j7jHxb80FGyRI8px,Fenrir,Android,Mount Fairview,,,,,,FALSE,TTB,Spinel Crest Race,Time Trial,43.98,TTB
2021-02-22 17:04:21,https://drive.google.com/open?id=1fSsrlAu72Wu28Bz5cOW8grA-9VgT-W1D,Fenrir,Android,Mount Fairview,,,,,,FALSE,Trail,The Buried Path,Time Trial,43.1,Trail
2021-02-27 18:56:44,https://drive.google.com/open?id=1_epAAh60Psqb-6nzo7vqAVRnrx8jK-5a,massiv97,Android,Mount Fairview,,,,,,FALSE,Race,Fairview Cloud Line,Time Trial,23.98,Race
2021-02-27 18:57:33,https://drive.google.com/open?id=1OnSmrO6CJvVA8KIvV0E7eSdgw0ydLON7,massiv97,Android,Mount Fairview,,,,,,TRUE,TTB,Serenade Summit Race,Time Trial,41.95,TTB
2021-03-04 3:18:51,https://drive.google.com/open?id=1Fy5rQT8WN0Z-__d4_XMPQ71dLNhZmAa6,Jamiemac,Android,Mount Fairview,,,,,,FALSE,Trail,Shadows Trail,Time Trial,59.17,Trail
2021-03-04 13:28:07,https://drive.google.com/open?id=1FzxQdRonCyEt5uZnKjixgRa6MnMeSof0,BouncyJello,Android,Mount Fairview,,,,,,TRUE,TTB,Serenade Summit Race,Time Trial,39.9,TTB
2021-03-04 15:22:00,https://drive.google.com/open?id=1ZrQj4CA34C0mZpxVU3U5ieBGH3JJNcBD,SYNO,iOS,Mount Fairview,,,,,,TRUE,Trail,Shadows Trail,Time Trial,57.43,Trail
2021-03-04 15:22:46,https://drive.google.com/open?id=1KzQuW7ynQmWphdZd2bNt1fk7BPC1pbpr,SYNO,iOS,Mount Fairview,,,,,,FALSE,TTB,Serenade Summit Race,Time Trial,40.61,TTB
2021-03-05 11:24:17,https://drive.google.com/open?id=1nDdJ3X8oQ8BKjdcgaCv5zcaoGc4wQu-0,Skier50,iOS,Mount Fairview,,,,,,FALSE,Race,Fairview Cloud Line,Time Trial,24.34,Race
2021-03-10 12:07:42,https://drive.google.com/open?id=142AK6lI0M_GyNlbT2xChhg1e66dIVzNC,Jamiemac,Android,Mount Fairview,,,,,,FALSE,Race,Grand Mountain Cup I,Time Trial,18.16,Race
2021-03-11 5:21:15,https://drive.google.com/open?id=1HwqqJHX8KeMvz20BuotpPhYzEY3BZCg-,Jamiemac,Android,Mount Fairview,,,,,,FALSE,Race,Grand Mountain Cup II,Time Trial,32.49,Race
2021-03-11 5:56:02,https://drive.google.com/open?id=1qT_ihV5Fjn-G275bGYxWStJmsGNMuQLQ,Mountain_Greg,Android,Mount Fairview,,,,,,TRUE,Race,Fairview Cloud Line,Time Trial,23.09,Race
2021-03-11 5:56:47,https://drive.google.com/open?id=1-9OGRM8x9rAZWaak9pNZpy7VFgirVDAj,Mountain_Greg,Android,Mount Fairview,,,,,,FALSE,Race,Peregrine Falcon,Time Trial,18.35,Race
2021-03-11 5:57:30,https://drive.google.com/open?id=1G2ZZ3AphGNjk3P2iwxAkubFk-xg2J6yS,Mountain_Greg,Android,Mount Fairview,,,,,,FALSE,TTB,Serenade Summit Race,Time Trial,41.78,TTB
2021-03-11 5:58:16,https://drive.google.com/open?id=1bZCpZ1LgiCcMiVMldWImAu7CYnaoRZIa,Mountain_Greg,Android,Mount Fairview,,,,,,FALSE,TTB,Spinel Crest Race,Time Trial,40.28,TTB
2021-03-11 9:39:04,https://drive.google.com/open?id=16qRekUq3iYTT1I3YUj1ngrbZyhQJvjHO,Ryan Monty,Android,Mount Fairview,,,,,,FALSE,Race,Grand Mountain Cup I,Time Trial,18.2,Race
2021-03-11 11:11:13,https://drive.google.com/open?id=1ONKprrs8grVH2Cg1lt_5viHGt7Eepima,Ryan Monty,Android,Mount Fairview,,,,,,FALSE,Race,Fairview Cloud Line,Time Trial,24.04,Race
2021-03-11 11:11:57,https://drive.google.com/open?id=1213z6sIg2bvYl1x_58MRvTOQtchytB9u,Ryan Monty,Android,Mount Fairview,,,,,,FALSE,TTB,Serenade Summit Race,Time Trial,44.54,TTB
2021-03-11 11:12:29,https://drive.google.com/open?id=1E8S28dOcodm409IWAUjhc5ITC1z-OB4a,Ryan Monty,Android,Mount Fairview,,,,,,FALSE,Race,Peregrine Falcon,Time Trial,18.29,Race
2021-03-12 7:48:44,https://drive.google.com/open?id=19MEKj9ODXLQqTtgO1DJSJtV3nm-iPZPy,Skier50,iOS,Mount Fairview,,,,,,FALSE,Race,Peregrine Falcon,Time Trial,18.42,Race
2021-03-12 7:49:20,https://drive.google.com/open?id=1GtwbThSjnjQgkf_Fp5D7jan1Ore8ieom,Skier50,iOS,Mount Fairview,,,,,,FALSE,TTB,Spinel Crest Race,Time Trial,40.68,TTB
2021-03-12 8:22:32,https://drive.google.com/open?id=1OcCfXcW6GOwRaAsCapEhzwUNLS-yvh6_,Jamiemac,Android,Mount Fairview,,,,,,FALSE,Race,Grand Mountain Cup III,Time Trial,59.92,Race
2021-03-12 12:57:42,https://drive.google.com/open?id=1vVUcWLAcj-_DfVDWqo2_4F5dyXTPV5el,Jamiemac,Android,Mount Fairview,,,,,,FALSE,Race,Beaver Creek Dance,Time Trial,25.9,Race
2021-03-13 9:46:29,https://drive.google.com/open?id=12kNY-MZInAXCiniyzJoCH6406FJa-39i,Jamiemac,Android,Mount Fairview,,,,,,FALSE,Race,Peregrine Falcon,Time Trial,18.33,Race
2021-03-13 10:14:06,https://drive.google.com/open?id=1wyAxeHBYy_7gRpiDSQ5vFAaLHPu5lSER,Jamiemac,Android,Mount Fairview,,,,,,FALSE,Race,Fairview Cloud Line,Time Trial,23.7,Race
2021-03-13 11:29:56,https://drive.google.com/open?id=15dojXko28lylfmW9d5C-xgavYSAl4xNg,Skier50,iOS,Mount Fairview,,,,,,FALSE,Race,Fairview Cloud Line,Time Trial,23.71,Race
2021-03-13 13:07:17,https://drive.google.com/open?id=1W3CIhcT1LnLzOIhiCOSrOfcbOr4NeVuO,Ryan Monty,Android,Mount Fairview,,,,,,FALSE,Race,Fairview Cloud Line,Time Trial,23.72,Race
2021-03-13 13:50:27,https://drive.google.com/open?id=1qBbAoIC4UVtJhRwEK5ixXQlHWFCx6tTX,Jamiemac,Android,Mount Fairview,,,,,,TRUE,Trail,The Silver Dragon,Time Trial,15.33,Trail
2021-03-13 14:55:18,https://drive.google.com/open?id=1DiLf-EgHs3vpmWA6O1VA0RLOlqsUNxYS,hschindele,iOS,Mount Fairview,,,,,,TRUE,Race,Fairview Cloud Line,Time Trial,22.85,Race
2021-03-13 18:47:54,https://drive.google.com/open?id=1D2szHuTCNYQg9z0pBedkn_oOKbMfiuUK,SYNO,iOS,Mount Fairview,,,,,,FALSE,Race,Fairview Cloud Line,Time Trial,23.66,Race
2021-03-13 20:13:06,https://drive.google.com/open?id=1RY7sBXLHPhOzred9ULx2Razv5HqW_ohz,Ryan Monty,Android,Mount Fairview,,,,,,FALSE,Trail,The Silver Dragon,Time Trial,15.39,Trail
2021-03-15 7:47:54,https://drive.google.com/open?id=115m2Qn2FaWeuX9sNdSP46d1YLvwSuQYb,Jamiemac,Android,Mount Fairview,,,,,,FALSE,Trail,The Buried Path,Time Trial,42.23,Trail
2021-03-15 8:56:18,https://drive.google.com/open?id=13jqHIWuPCQNQpTk4sWaBgEAlaoHPWI7J,hschindele,iOS,Mount Fairview,,,,,,TRUE,TTB,Serenade Summit Race,Time Trial,39.7,TTB
2021-03-15 11:01:05,https://drive.google.com/open?id=1-arOy2QedwGq_UeZk19qY-DdtnBc0Ixq,Jamiemac,Android,Mount Fairview,,,,,,FALSE,Trail,The Woodpecker Trail,Time Trial,49.95,Trail
2021-03-15 14:21:46,https://drive.google.com/open?id=1f9mDkidlKnrRpvs7h7SckQSO1yXBwZf1,Gjeep302,Android,Mount Fairview,,,,,,TRUE,Race,Grand Mountain Cup II,Time Trial,31.56,Race
2021-03-15 14:22:45,https://drive.google.com/open?id=1eK5QPhwN0FtekMZQtqpDDeqsPXPgWnKX,Gjeep302,Android,Mount Fairview,,,,,,FALSE,Race,Grand Mountain Cup I,Time Trial,18.2,Race
2021-03-16 8:03:04,https://drive.google.com/open?id=1tAgRQMe-QlNTPk35Lee_JBCzZGclwi2M,Jamiemac,Android,Mount Fairview,,,,,,FALSE,Trail,Shadows Trail,Time Trial,57.94,Trail
2021-03-16 11:47:07,https://drive.google.com/open?id=1e-otvR-oWBC6I9XTp-pOIxy_4GcOvXyA,Jamiemac,Android,Mount Fairview,,,,,,FALSE,TTB,Spinel Crest Race,Time Trial,41.29,TTB
2021-03-16 12:45:53,https://drive.google.com/open?id=156GjjUwd4LHugA429_kK6lTXtdPplUu4,Jamiemac,Android,Mount Fairview,,,,,,FALSE,TTB,Serenade Summit Race,Time Trial,44.98,TTB
2021-03-16 20:13:46,https://drive.google.com/open?id=1D3rKLZLyTy9QFgRPsAW-GF-PvRYSrevS,hschindele,iOS,Mount Fairview,,,,,,TRUE,Trail,Shadows Trail,Time Trial,56.7,Trail
2021-03-17 11:20:33,https://drive.google.com/open?id=1TZjh8AqlPKWrTUQ_aahWCdTWHoxoAIOP,Mountain_Greg,Android,Mount Fairview,,,,,,TRUE,TTB,Spinel Crest Race,Time Trial,39.35,TTB
2021-03-17 11:28:11,https://drive.google.com/open?id=1CxhSiKDiqx9weZ3u93uvnLUOjuUvpT5O,Mountain_Greg,Android,Mount Fairview,,,,,,FALSE,TTB,Serenade Summit Race,Time Trial,40.32,TTB
2021-03-22 16:00:24,https://drive.google.com/open?id=1nHJhfE3LMw3CGkMYcfY-XgiVUflQ6vi3,Gucci Garrett,Android,Mount Fairview,,,,,,TRUE,Race,Grand Mountain Cup I,Time Trial,18.06,Race
2021-03-22 22:04:51,https://drive.google.com/open?id=1ynUCAxAmZYKFz1YbYK-msQ5QCrOcp8Tp,hschindele,iOS,Mount Fairview,,,,,,TRUE,Race,Beaver Creek Dance,Time Trial,25.11,Race
2021-03-23 9:23:52,https://drive.google.com/open?id=1jovgQhvqs15zsARncOr9e_1anFIVD3UI,hschindele,iOS,Mount Fairview,,,,,,TRUE,TTB,Spinel Crest Race,Time Trial,38.41,TTB
2021-03-23 10:04:59,https://drive.google.com/open?id=1D9GaSJkSXoL0MQpMfwC-PJWqxb8yAmaz,hschindele,iOS,Mount Fairview,,,,,,TRUE,TTB,Spinel Crest Race,Time Trial,37.81,TTB
2021-03-23 22:05:24,https://drive.google.com/open?id=1LzQTN8ECn1mW_GqvtROz8TIMaZRIqC-0,hschindele,iOS,Mount Fairview,,,,,,TRUE,Race,Grand Mountain Cup II,Time Trial,31.26,Race
2021-03-24 15:06:15,https://drive.google.com/open?id=1bpm1O8SNLykHKcyr38-nrXLl6nhdGnnM,Avel,iOS,Mount Fairview,,,,,,TRUE,Race,Grand Mountain Cup I,Time Trial,18.01,Race
2021-03-24 16:57:37,https://drive.google.com/open?id=1XKZQixE2SiivlrvHlKO97ubWbfOq79f-,Avel,iOS,Mount Fairview,,,,,,TRUE,Race,Grand Mountain Cup I,Time Trial,17.99,Race
2021-03-26 13:12:58,https://drive.google.com/open?id=1rLC0q0Bum82hwyX2Go9RGmtpsOyjqXs_,Ryan Monty,Android,Mount Fairview,,,,,,FALSE,Trail,Shadows Trail,Time Trial,58.8,Trail
2021-03-28 1:09:46,https://drive.google.com/open?id=1IvUNxe8acl6NzJ8Q89PiBeMzi8yAnPAD,Ryan Monty,Android,Mount Fairview,,,,,,FALSE,Trail,The Buried Path,Time Trial,41.94,Trail
2021-03-29 11:57:31,https://drive.google.com/open?id=1F3nymo2BvuSH2gQVqGIKJcemSKUJ04E-,Ryan Monty,Android,Mount Fairview,,,,,,FALSE,TTB,Spinel Crest Race,Time Trial,41.66,TTB
2021-03-29 12:55:33,https://drive.google.com/open?id=142CXo9dTvNJUZ7Z72Z7qkh3LL0Vnjvcc,Ryan Monty,Android,Mount Fairview,,,,,,FALSE,Race,Beaver Creek Dance,Time Trial,25.62,Race
2021-03-29 13:35:23,https://drive.google.com/open?id=1sDebbS2fTj5fJ8PX1eCx6o_CrQL3nH57,Ryan Monty,Android,Mount Fairview,,,,,,FALSE,Race,Grand Mountain Cup II,Time Trial,32.35,Race
2021-03-29 15:09:20,https://drive.google.com/open?id=1Eo8bG1-vUTcJd5m9PjeZkoMv59F57wPx,Ryan Monty,Android,Mount Fairview,,,,,,FALSE,Race,Grand Mountain Cup III,Time Trial,59.97,Race
2021-03-29 15:41:54,https://drive.google.com/open?id=17rgtX-bx_SjBZ17pEhBimaBQk8WKDz-4,Ryan Monty,Android,Mount Fairview,,,,,,FALSE,Trail,The Woodpecker Trail,Time Trial,49.86,Trail
2021-03-31 6:24:40,https://drive.google.com/open?id=1MKaad1V99IiZSbkReNRKOXe75ltOaQRL,Skier50,iOS,Mount Fairview,,,,,,FALSE,Race,Grand Mountain Cup I,Time Trial,18.13,Race
2021-04-04 1:37:50,https://drive.google.com/open?id=1AAweyA5Aubq9vPEimBEDzmPWuCgd5Xgc,Mountain_Greg,Android,Mount Fairview,,,,,,TRUE,TTB,Serenade Summit Race,Time Trial,39.32,TTB
2021-04-04 1:47:36,https://drive.google.com/open?id=1LoiGX-hmMAc6wH_I2s84rLlhN9BZgFze,Mountain_Greg,Android,Mount Fairview,,,,,,FALSE,TTB,Spinel Crest Race,Time Trial,38.13,TTB
2021-04-04 9:55:23,https://drive.google.com/open?id=1-EFrOtDJ_N1sMvSzXQUdKWQF_WwFbPQw,BouncyJello,Android,Mount Fairview,,,,,,TRUE,TTB,Serenade Summit Race,Time Trial,37.96,TTB
2021-04-12 0:37:42,https://drive.google.com/open?id=1k_fBSuv8DaDZlYrhaft4EFLZfyCe4NWc,Ryan Monty,Android,Mount Fairview,,,,,,FALSE,TTB,Serenade Summit Race,Time Trial,42.62,TTB
2021-04-16 9:42:24,https://drive.google.com/open?id=1LgrEGgrCAwNoMpIK4Qon-0W7esvVmR_W,Skier50,iOS,Mount Fairview,,,,,,FALSE,TTB,Serenade Summit Race,Time Trial,44.65,TTB
2021-04-27 11:29:32,https://drive.google.com/open?id=1S7IuqbmH0Z5LZsjSWOtd2yG2D2yPfOSQ,Jamiemac,Android,Mount Fairview,,,,,,FALSE,Race,Grand Mountain Cup I,Time Trial,18.07,Race
2021-04-27 12:35:13,https://drive.google.com/open?id=1U9aJ5UQUbqlk4kdVU4bOPiDgk7aGTp5d,Jamiemac,Android,Mount Fairview,,,,,,FALSE,Race,Grand Mountain Cup II,Time Trial,31.71,Race
2021-04-28 7:50:01,https://drive.google.com/open?id=1ibvx4A2lqWdb5sQhE9TlvbKkP1bKBhWO,Jamiemac,Android,Mount Fairview,,,,,,FALSE,TTB,Serenade Summit Race,Time Trial,39.35,TTB
2021-04-29 6:11:50,https://drive.google.com/open?id=1lnWlFNeif_YZA-4bSVGe8GQ_KZ0A1DFm,Skier50,iOS,Mount Fairview,,,,,,FALSE,TTB,Serenade Summit Race,Time Trial,40.75,TTB
2021-05-01 19:02:31,https://drive.google.com/open?id=1HJYc3Ot5Cssc4xiUR6l9ElBGWrJrvGjJ,massiv97,Android,Mount Fairview,,,,,,FALSE,TTB,Serenade Summit Race,Time Trial,40.51,TTB
2021-05-01 22:01:49,https://drive.google.com/open?id=1ZFgXOtOyBtGYeQyjz6DDINcLdm9PWU_K,Ryan Monty,Android,Mount Fairview,,,,,,FALSE,TTB,Serenade Summit Race,Time Trial,40.6,TTB
2021-05-01 23:18:32,https://drive.google.com/open?id=1EnwkmMbT5Ph01N-gyXOXpsREascmmemF,Ryan Monty,Android,Mount Fairview,,,,,,FALSE,TTB,Serenade Summit Race,Time Trial,39.79,TTB
2021-05-02 10:12:15,https://drive.google.com/open?id=18Lt6-vjWS4-gjipcYjhBTjFSaeCy6bEZ,hschindele,iOS,Mount Fairview,,,,,,FALSE,TTB,Serenade Summit Race,Time Trial,38.21,TTB
2021-05-03 7:58:25,https://drive.google.com/open?id=1BUv8ywRdH8IOCPPBMHsJiuj5zLrfYiDz,eccentricmonkey146,Android,Mount Fairview,,,,,,FALSE,Race,Grand Mountain Cup III,Time Trial,59.59,Race
2021-05-09 10:57:36,https://drive.google.com/open?id=1uey-D6wo6Eb7R4zN3Xi5dC12Js7pQ6lZ,Avel,iOS,Mount Fairview,,,,,,FALSE,Race,Fairview Cloud Line,Time Trial,23.86,Race
2021-05-10 18:19:16,https://drive.google.com/open?id=1Sui4Uhz8kxQpdeAsVryT6cxwprnIxbgL,hschindele,iOS,Mount Fairview,,,,,,TRUE,Trail,The Silver Dragon,Time Trial,15.31,Trail
2021-05-11 7:33:58,https://drive.google.com/open?id=1nzh_SE6CyifsxGz4v-7WmcR6gmt5U-Zz,Avel,iOS,Mount Fairview,,,,,,TRUE,Race,Grand Mountain Cup I,Time Trial,17.96,Race
2021-05-16 6:16:20,https://drive.google.com/open?id=1_T-e8N6O-B77H-fMS9Qk0jYFK-ZURed7,Avel,iOS,Mount Fairview,,,,,,FALSE,Trail,Shadows Trail,Time Trial,58.05,Trail
2021-05-25 9:38:04,https://drive.google.com/open?id=1L0vtOdg2-twVn7g0yS9JY1oyoa6K6Z6n,Mountain_Greg,Android,Mount Fairview,,,,,,FALSE,Trail,Shadows Trail,Time Trial,56.8,Trail
2021-05-25 12:13:45,https://drive.google.com/open?id=1bjOMtFjW01K_0wSG8g4HfNX5Y0W0nX92,Avel,iOS,Mount Fairview,,,,,,FALSE,Race,Grand Mountain Cup II,Time Trial,32.43,Race
2021-05-28 3:27:23,https://drive.google.com/open?id=1zwcpwr-VCDHkimIQuhlmBYY-tB5ziQEo,Avel,iOS,Mount Fairview,,,,,,FALSE,Race,Grand Mountain Cup III,Time Trial,59.82,Race
2021-05-30 16:55:55,https://drive.google.com/open?id=1_YJn8zseFuTfhuyCEq8AMcpodR1eV7aH,Skier50,iOS,Mount Fairview,,,,,,FALSE,Race,Beaver Creek Dance,Time Trial,25.88,Race
2021-05-30 17:04:37,https://drive.google.com/open?id=1xta-F_-anzxWvMQJUaI0swm7gThnenHr,Skier50,iOS,Mount Fairview,,,,,,FALSE,Trail,Shadows Trail,Time Trial,57.57,Trail
2021-05-30 20:37:07,https://drive.google.com/open?id=10u2-_9aymshYLnc8lTuzgPOaXf9jliIn,Skier50,iOS,Mount Fairview,,,,,,FALSE,Race,Grand Mountain Cup II,Time Trial,32.35,Race
2021-05-30 20:37:45,https://drive.google.com/open?id=16ZYa1afHcD2-PG8GOBhbMBageVB5u8wJ,Skier50,iOS,Mount Fairview,,,,,,FALSE,Race,Grand Mountain Cup III,Time Trial,59.97,Race
2021-05-30 20:38:34,https://drive.google.com/open?id=1GiBbwjJ5igZIX4CSBxA3I8iernLsNnvO,Skier50,iOS,Mount Fairview,,,,,,FALSE,Trail,The Buried Path,Time Trial,42.28,Trail
2021-05-30 20:41:05,https://drive.google.com/open?id=1Sw7d_3X9Z7_szRJuCWyEF3lwWEYaJWDM,Skier50,iOS,Mount Fairview,,,,,,FALSE,Trail,The Silver Dragon,Time Trial,15.36,Trail
2021-05-30 20:42:27,https://drive.google.com/open?id=1kzIRuuIkyoi67eVnAApFZVI0POmZj7-t,Skier50,iOS,Mount Fairview,,,,,,FALSE,Trail,The Woodpecker Trail,Time Trial,49.7,Trail
2021-06-02 9:59:38,https://drive.google.com/open?id=1b6q1k8rK6EFlkwvXw97dpCI5haxzHc4A,Avel,iOS,Mount Fairview,,,,,,FALSE,Race,Grand Mountain Cup I,Time Trial,18.85,Race
2021-06-03 10:03:53,https://drive.google.com/open?id=1eTH5MJNaUHmPXXBnb6J_V4kvOeaNIN9F,Jamiemac,Android,Mount Fairview,,,,,,FALSE,TTB,Spinel Crest Race,Time Trial,38.79,TTB
2021-06-09 12:48:21,https://drive.google.com/open?id=1lC6yj6v4v_dqfn8K2P1TXgIeEw0JTg_z,Skier50,iOS,Mount Fairview,,,,,,FALSE,Race,Grand Mountain Cup I,Time Trial,17.83,Race
2021-06-18 13:02:31,https://drive.google.com/open?id=12yngQ1jfZR7PEd3FQsaQgjQz-xEfWKrU,Jamiemac,Android,Mount Fairview,,,,,,TRUE,Trail,Shadows Trail,Time Trial,56.3,Trail
2021-06-19 11:06:03,https://drive.google.com/open?id=1-hva51LX3tK60mU-ew-Qc5xmoe5dJbuX,hschindele,iOS,Mount Fairview,,,,,,TRUE,Trail,Shadows Trail,Time Trial,55.55,Trail
2021-06-22 9:17:23,https://drive.google.com/open?id=1QXtsKuzC2xJq2o7Nd47-IMiKq7k3CExC,BouncyJello,Android,Mount Fairview,,,,,,TRUE,Race,Grand Mountain Cup I,Time Trial,17.74,Race
2021-06-23 19:31:07,https://drive.google.com/open?id=1uSSsTkCHLtym24b78ZZy4aNiCy93Ds3y,hschindele,iOS,Mount Fairview,,,,,,FALSE,Trail,The Woodpecker Trail,Time Trial,57.04,Trail
2021-06-30 19:15:50,https://drive.google.com/open?id=1pgANPbyL3rLxp3fEYMwiTFzP0BFEHwuO,Skier50,iOS,Mount Fairview,,,,,,TRUE,Trail,The Woodpecker Trail,Time Trial,48.46,Trail
2021-07-05 13:26:08,https://drive.google.com/open?id=1RQ1trRAWEN_GuIHaT0dYXWWJTaIJO4kI,hschindele,iOS,Mount Fairview,,,,,,TRUE,Trail,The Woodpecker Trail,Time Trial,47.04,Trail
2021-07-11 12:15:30,https://drive.google.com/open?id=1i-FOBemDDaHQaeROlJb54gR7j3573-8V,Skier50,iOS,Mount Fairview,,,,,,FALSE,Race,Grand Mountain Cup II,Time Trial,31.82,Race
2021-07-11 12:16:49,https://drive.google.com/open?id=18mOxxQVKuEULJoRfW11T6U45m_tJTYh7,Skier50,iOS,Mount Fairview,,,,,,FALSE,TTB,Serenade Summit Race,Time Trial,39.24,TTB
2021-07-15 4:17:12,https://drive.google.com/open?id=1OPRuwp3QB7zDsJUwb8PyjI1h-n5jyHTj,massiv97,Android,Mount Fairview,,,,,,FALSE,Race,Fairview Cloud Line,Time Trial,23.22,Race
2021-07-18 2:06:38,https://drive.google.com/open?id=1UMEwlTKpV65Pi2_tUl7yLY2jmpLlA__8,Mountain_Greg,Android,Mount Fairview,,,,,,FALSE,Race,Grand Mountain Cup II,Time Trial,31.84,Race
2021-09-25 6:52:52,https://drive.google.com/open?id=1mEAeOBIswLCae511MDaav5KMDk8UByOy,Avel,iOS,Mount Fairview,,,,,,TRUE,,Best Eagle Cookie Park,High score,24050.0,Gated Trick
2021-09-25 6:54:46,https://drive.google.com/open?id=1vsj-ujQ_aQ4V8b4RoKLfi_gq1nm8_aGB,Avel,iOS,Mount Fairview,,,,,,TRUE,,Ollies Invite Only,High score,47624.0,Gated Trick
2021-09-25 6:56:36,https://drive.google.com/open?id=1RiqdzTQfdHInqi1LVsvHpYnEaPF6w5Mw,Avel,iOS,Mount Fairview,,,,,,TRUE,,Freeride Scout,High score,32820.0,Open Trick
2021-09-25 6:59:10,https://drive.google.com/open?id=1RVNzXQeswCMF4TigcuGKfRudUBBtRKqy,Avel,iOS,Mount Fairview,,,,,,TRUE,,Booster Berries,High score,32744.0,Open Trick
2021-09-25 7:02:30,https://drive.google.com/open?id=1AwZ0ry7_yJMmS3DsCB21-kVL_tOo86Z4,Avel,iOS,Mount Fairview,,,,,,TRUE,,The Sidehit Road,High score,28542.0,Gated Trick
2021-09-26 8:44:18,https://drive.google.com/open?id=1Qap_BGmm42Q1q65pv4VryfLLel3hS9kC,Avel,iOS,Mount Fairview,,,,,,TRUE,,The Woodland Jam,High score,48181.0,Open Trick
2021-09-26 15:40:56,https://drive.google.com/open?id=1z9ZcpP-dCitKMJ7MFsgMJhyFJ5v4A33i,massiv97,Android,Mount Fairview,,,,,,FALSE,,Ollies Invite Only,High score,39947.0,Gated Trick
2021-09-26 15:41:52,https://drive.google.com/open?id=15_YYn7lsuCMf5GvfgsVEwNrdAGOkrxOE,massiv97,Android,Mount Fairview,,,,,,FALSE,,Best Eagle Cookie Park,High score,21674.0,Gated Trick
2021-09-26 15:42:38,https://drive.google.com/open?id=1XVMbYO8QFwjReEtUrDk2GfGblnppdMjC,massiv97,Android,Mount Fairview,,,,,,FALSE,,Booster Berries,High score,28201.0,Open Trick
2021-09-30 10:24:11,https://drive.google.com/open?id=1Ip0B7NZ4NlNN0BlsMAFw_lSqSAuM3vwD,Mountain_Greg,Android,Mount Fairview,,,,,,TRUE,,The Woodland Jam,High score,43191.0,Open Trick
2021-10-02 13:33:55,https://drive.google.com/open?id=1UXFTJJ3AwhhMMpR23d8t3sHcT7VAlu1F,massiv97,Android,Mount Fairview,,,,,,FALSE,,The Sidehit Road,High score,25673.0,Gated Trick
2021-10-06 20:32:56,https://drive.google.com/open?id=1YGLm-AWZZeaX4FBzNgRQ8wCByElm2iRI,PelagusPlays,iOS,Mount Fairview,,,,,,TRUE,,The Three Diamonds,High score,135.8,Triple Drop
2021-10-09 10:18:28,https://drive.google.com/open?id=1Qlqw8rMgIFzJQUXaGykAjMHgy3qKwCTB,Foxster,Android,Mount Fairview,,,,,,FALSE,,The Woodland Jam,High score,42064.0,Open Trick
2021-10-09 13:51:18,https://drive.google.com/open?id=1FRj0BxY5iId38wx55DXEW6aoGpJXLZqr,Mountain_Greg,Android,Mount Fairview,,,,,,FALSE,,The Woodland Jam,High score,46021.0,Open Trick
2021-10-10 11:18:53,https://drive.google.com/open?id=1JrWv4YlDnUoltYfDXkmGqcn9tfjkllFf,Avel,iOS,Mount Fairview,,,,,,TRUE,,The Woodland Jam,High score,54727.0,Open Trick
2021-10-10 14:32:43,https://drive.google.com/open?id=11q-pfnyEM3HIcc7YFB7hXGzwfAlBHCca,Avel,iOS,Mount Fairview,,,,,,FALSE,,Beaver Creek Dance,Time Trial,25.89,Race
2021-10-10 14:33:33,https://drive.google.com/open?id=1OCSgi7Aewkpf6FNLd2u7Sh8dhLZuecD3,Avel,iOS,Mount Fairview,,,,,,FALSE,,Peregrine Falcon,Time Trial,18.47,Race
2021-10-10 14:34:23,https://drive.google.com/open?id=1WNUcbKWG_AdMcz-UaPeuQ4i1I46Te_R7,Avel,iOS,Mount Fairview,,,,,,FALSE,,The Silver Dragon,Time Trial,15.35,Trail
2021-10-10 14:35:11,https://drive.google.com/open?id=1Rlu1uWjH8Ta60uZwHIzkrEvWWnQorl5H,Avel,iOS,Mount Fairview,,,,,,FALSE,,The Buried Path,Time Trial,42.35,Trail
2021-10-10 14:36:01,https://drive.google.com/open?id=1PC8TyuREtx2kCYcAw0bOrVkK6v8FmpZC,Avel,iOS,Mount Fairview,,,,,,FALSE,,The Woodpecker Trail,Time Trial,49.99,Trail
2021-10-10 14:36:57,https://drive.google.com/open?id=1I2w_oPxbGmLoKu5RaKx1wXZtLesTyjeF,Avel,iOS,Mount Fairview,,,,,,FALSE,,Shadows Trail,Time Trial,57.03,Trail
2021-10-10 14:37:44,https://drive.google.com/open?id=1z_tbtfLt2robJYTbc_TG1nclzqLpalqB,Avel,iOS,Mount Fairview,,,,,,FALSE,,Serenade Summit Race,Time Trial,40.9,TTB
2021-10-10 14:39:48,https://drive.google.com/open?id=1jmDEVFd2WjiWfv2yxs16ynH8IbPvHDsY,Avel,iOS,Mount Fairview,,,,,,FALSE,,Spinel Crest Race,Time Trial,41.56,TTB
2021-10-11 6:48:35,https://drive.google.com/open?id=1KAPE3UYCiBtwBODAw0nhg5GwGKqZpa3Y,massiv97,Android,Mount Fairview,,,,,,TRUE,,Flutters,High score,6.07,Airtime
2021-10-11 6:49:10,https://drive.google.com/open?id=1drkZ3Dncb_JYMEQbk4-qmxSTh7oiEeZk,massiv97,Android,Mount Fairview,,,,,,TRUE,,The Timber Road Gap,High score,45.2,Single Drop
2021-10-11 6:49:56,https://drive.google.com/open?id=1f1xrTp1pUtzYe9sG5ZOj8zeysf-l12VF,massiv97,Android,Mount Fairview,,,,,,TRUE,,The Three Diamonds,High score,137.3,Triple Drop
2021-10-14 12:31:45,https://drive.google.com/open?id=11X_FLDiOsGmVcaa0U6C_Dxv4swhzVpPg,Jamiemac,Android,Mount Fairview,,,,,,FALSE,,The Woodland Jam,High score,48208.0,Open Trick
2021-10-18 14:44:54,https://drive.google.com/open?id=1DoVSPzDymPnsLyMda-Oe9eiCP2-AjU76,massiv97,Android,Mount Fairview,,,,,,TRUE,,Freeride Scout,High score,35219.0,Open Trick
2021-10-18 14:45:41,https://drive.google.com/open?id=1uiyxk3lMNQi9vslkGdz1IIhia5XRYQKY,massiv97,Android,Mount Fairview,,,,,,FALSE,,The Woodland Jam,High score,40027.0,Open Trick
2021-10-18 14:46:15,https://drive.google.com/open?id=1G1IM1TwNPOIPdmo5Pugus6zraCD5M4hE,massiv97,Android,Mount Fairview,,,,,,TRUE,,Shoot Out,High score,63.3,Single Drop
2021-10-20 12:52:32,https://drive.google.com/open?id=1Cc0nchGgRruDW2D-d_GLJ0fLGiDBBDjT,PelagusPlays,iOS,Mount Fairview,,,,,,FALSE,,Shoot Out,High score,54.7,Single Drop
2021-10-20 19:26:11,https://drive.google.com/open?id=1yHlcVTj572KI-whaaMc0eDJwkvpkqiaM,PelagusPlays,iOS,Mount Fairview,,,,,,TRUE,,The Three Diamonds,High score,138.4,Triple Drop
2021-11-03 8:54:47,https://drive.google.com/open?id=1Zhg_LFz9qK0zHThEsNnTD1zNTSierMy9,NicoExMachina,Android,Mount Fairview,,,,,,TRUE,,Flutters,High score,6.37,Airtime
2021-11-03 11:42:31,https://drive.google.com/open?id=1G2j2Uho5EKlZNzyXWPW4Fc_Zx6WtkKjb,Jamiemac,Android,Mount Fairview,,,,,,TRUE,,Flutters,High score,6.66,Airtime
2021-11-06 8:36:29,https://drive.google.com/open?id=1dJy01FJwv9kZVwAvToX52jo55ZtHhXKD,Avel,iOS,Mount Fairview,,,,,,TRUE,,Flutters,High score,7.21,Airtime
2021-11-06 8:38:05,https://drive.google.com/open?id=1b7Eo6vFJw8R8o6UHlyIPdEcateLL6xxT,Avel,iOS,Mount Fairview,,,,,,TRUE,,The Silver Dragon,Time Trial,15.19,Trail
2021-11-07 3:14:19,https://drive.google.com/open?id=1Im-MKuL7-S3YoQ9LWH2brlr1Yq7UkhhP,Jamiemac,Android,Mount Fairview,,,,,,TRUE,,The Silver Dragon,Time Trial,15.11,Trail
2021-11-23 3:05:21,https://drive.google.com/open?id=1IR6h4SFq3BZU-C9SOqEgHsvPBMhsCf_d,Avel,iOS,Mount Fairview,,,,,,TRUE,,Grand Mountain Cup III,Time Trial,59.12,Race
2021-11-25 4:18:42,https://drive.google.com/open?id=1MHkRI2KGe2Xxel4eUo3hbURRnaJ8DkIj,Mountain_Greg,Android,Mount Fairview,,,,,,FALSE,,Freeride Scout,High score,32968.0,Open Trick
2021-11-25 4:19:08,https://drive.google.com/open?id=1OF-QuMeRErladSSIuYOsqIjv182xQtwq,Mountain_Greg,Android,Mount Fairview,,,,,,TRUE,,The Three Diamonds,High score,145.3,Triple Drop
2021-11-25 4:19:39,https://drive.google.com/open?id=1kHN5D16pQRJn4iYRZx6xkKrjKq4y1VGY,Mountain_Greg,Android,Mount Fairview,,,,,,TRUE,,Shoot Out,High score,63.9,Single Drop
2021-11-25 4:20:07,https://drive.google.com/open?id=1y4QcjAu7LTxnVJHbFxLBpvNjfnY0ZMti,Mountain_Greg,Android,Mount Fairview,,,,,,FALSE,,The Silver Dragon,Time Trial,15.33,Trail
2021-11-25 4:20:40,https://drive.google.com/open?id=10eCRV4u3nHWUAO2S3QOwOs20Xh2t4c4r,Mountain_Greg,Android,Mount Fairview,,,,,,FALSE,,The Woodland Jam,High score,49818.0,Open Trick
2021-11-25 9:20:19,https://drive.google.com/open?id=10HlUBrA-h96ifiwQSLO4dDo3Ou3zFTYn,hschindele,iOS,Mount Fairview,,,,,,TRUE,,Grand Mountain Cup III,Time Trial,58.9,Race
2021-12-22 12:27:45,https://drive.google.com/open?id=1jR3sns0eWjv7Rr5UvQyXY5I97Hj1luQL,Avel,iOS,Mount Fairview,,,,,,FALSE,,The Timber Road Gap,High score,45.2,Single Drop
2021-12-22 12:29:24,https://drive.google.com/open?id=1F_uiFQbKg2nkW95XUbtxiAzPbu-cRuTM,Avel,iOS,Mount Fairview,,,,,,FALSE,,The Three Diamonds,High score,139.1,Triple Drop
2021-12-22 12:30:07,https://drive.google.com/open?id=1qdFr8w2gF1qHP6yFkcuHnpK_GXXUyMsr,Avel,iOS,Mount Fairview,,,,,,TRUE,,Freeride Scout,High score,35674.0,Open Trick
2021-12-26 2:17:29,https://drive.google.com/open?id=1DoS8EJ5QTqcgj5W6Y7wxZKHjbsl8Cb9_,Mountain_Greg,Android,Mount Fairview,,,,,,TRUE,,Flutters,High score,6.37,Airtime
2021-12-26 2:18:47,https://drive.google.com/open?id=18r18YJ2YkkhOmc3H4CwfoyNIPoB9Fk_y,Mountain_Greg,Android,Mount Fairview,,,,,,FALSE,,The Timber Road Gap,High score,45.9,Single Drop
2021-12-29 6:40:27,https://drive.google.com/open?id=18HMs-8XDxhBUbeOAJLqp86rAxsMwYck0,Mountain_Greg,Android,Mount Fairview,,,,,,FALSE,,The Sidehit Road,High score,28289.0,Gated Trick
2021-12-29 6:41:18,https://drive.google.com/open?id=1IsWQcJHV-AklfAV0FgLqGjyrHxqSHKrq,Mountain_Greg,Android,Mount Fairview,,,,,,FALSE,,Booster Berries,High score,31773.0,Open Trick
2021-12-29 6:42:16,https://drive.google.com/open?id=1l11OeenZRKhUAfLS6CWFL4zHWCjfbMsl,Mountain_Greg,Android,Mount Fairview,,,,,,FALSE,,Ollies Invite Only,High score,40810.0,Gated Trick
2021-12-30 15:19:13,https://drive.google.com/open?id=1kIbgELiBR5n4tW430n6uX0q9vt9F_GHe,Avel,iOS,Mount Fairview,,,,,,TRUE,,Peregrine Falcon,Time Trial,17.93,Race
2021-12-31 6:35:06,https://drive.google.com/open?id=1SUd06yWtflXKM9XSSarTGRXF8L3zSs4-,Avel,iOS,Mount Fairview,,,,,,FALSE,,Shoot Out,High score,60.6,Single Drop
2022-01-06 3:51:59,https://drive.google.com/open?id=1UCaUvy6C64tFgedvsGxAmmmDWsV5ey5L,Mountain_Greg,Android,Mount Fairview,,,,,,TRUE,,Best Eagle Cookie Park,High score,24701.0,Gated Trick
2022-02-14 11:43:02,https://drive.google.com/open?id=1ZsanpmmJH1YN7MtPRupxjWJb3YYrFlgf,Jamiemac,Android,Mount Fairview,,,,,,FALSE,,Shoot Out,High score,63.4,Single Drop
2022-02-14 11:44:03,https://drive.google.com/open?id=1A8oSa7u6hE3J6AXKPNrFyRheBNJ8u2aa,Jamiemac,Android,Mount Fairview,,,,,,TRUE,,The Timber Road Gap,High score,49.9,Single Drop
2022-02-14 12:15:34,https://drive.google.com/open?id=1_rQ1HYJAyGQ9XS87zeTwsGpo4O8yDFGT,Jamiemac,Android,Mount Fairview,,,,,,FALSE,,The Three Diamonds,High score,140.3,Triple Drop
2022-02-15 6:28:47,https://drive.google.com/open?id=1cQqVBNix4mULDe6cUuxJegi92lnQBUgP,Jamiemac,Android,Mount Fairview,,,,,,FALSE,,Ollies Invite Only,High score,45799.0,Gated Trick
2022-02-15 8:07:32,https://drive.google.com/open?id=1SRS4lW6whDAd1zBMHwdDz3MQyuwVGjYD,Jamiemac,Android,Mount Fairview,,,,,,TRUE,,The Sidehit Road,High score,30634.0,Gated Trick
2022-02-15 19:03:11,https://drive.google.com/open?id=1EfX3j_1rzKDhDD6Z-Fkq5dlqb2QkwM9x,hschindele,iOS,Mount Fairview,,,,,,TRUE,,Peregrine Falcon,Time Trial,17.84,Race
2022-02-16 11:05:52,https://drive.google.com/open?id=1VT3qoxkypEbYm9z-0zl6myTlOPlobHLx,Jamiemac,Android,Mount Fairview,,,,,,TRUE,,Best Eagle Cookie Park,High score,25411.0,Gated Trick
2022-02-16 11:08:04,https://drive.google.com/open?id=1g-dswo-3LrrxBEY47Cu9jdh5l2t_bgbb,Jamiemac,Android,Mount Fairview,,,,,,TRUE,,Best Eagle Cookie Park,High score,27873.0,Gated Trick
2022-02-16 11:29:32,https://drive.google.com/open?id=1YobJbJvvCYdyoKU_smbDK66OkD8HE9SF,Jamiemac,Android,Mount Fairview,,,,,,TRUE,,Booster Berries,High score,37927.0,Open Trick
2022-02-16 11:46:48,https://drive.google.com/open?id=1aQFUxFffk3TRaNHkXRpRyd8dYZ3TCt0R,Jamiemac,Android,Mount Fairview,,,,,,TRUE,,Freeride Scout,High score,38147.0,Open Trick
