Timestamp,Link,Name,OS,Mountain,Was WR,challenge name,type,score,chaltype
2020-11-17 19:22:22,https://drive.google.com/open?id=1q2Rx1sXsIlENNPQm0Ne7tljZVrQcXqgM,hschindele,iOS,Rotkamm,True,Gross Air,Time trial,9.1,Trail
2020-11-17 19:23:27,https://drive.google.com/open?id=1UeAwgYC7NafVJ6jmwB8AJwZ3hw-kbtI0,hschindele,iOS,Rotkamm,True,Sketchy Bears,Time trial,23.28,Trail
2020-11-17 19:24:24,https://drive.google.com/open?id=1YSxqfpJUEHoFR5h1DqqV2LNw7_AhXWMW,hschindele,iOS,Rotkamm,True,Slippery Slope,Time trial,22.69,Trail
2020-11-17 19:25:27,https://drive.google.com/open?id=163RU_XDF242J82_xIAmGL9zWZ1YipZuQ,hschindele,iOS,Rotkamm,True,Precision Drops,Time trial,15.96,Trail
2020-11-17 19:27:36,https://drive.google.com/open?id=1Qn9TY708hZg13Nvkv_iHncG2N5l-XGKs,hschindele,iOS,Rotkamm,True,Staying Between The Stones,Time trial,25.36,Trail
2020-11-19 21:03:09,https://drive.google.com/open?id=1mBrrc3LAg7fsUp28atE4AqjERyF_YATS,BouncyJello,Android,Rotkamm,False,Gross Air,Time trial,10.12,Trail
2020-11-19 21:10:14,https://drive.google.com/open?id=1NDZomjdxpSkTAzoNq8JSDKoiV0MJtXJu,BouncyJello,Android,Rotkamm,False,Staying Between The Stones,Time trial,25.69,Trail
2020-11-19 21:11:04,https://drive.google.com/open?id=1bG9kdKiZsCHb0-3n8-7nYgTlQ3TBxuKI,BouncyJello,Android,Rotkamm,True,Dropping In,Time trial,20.74,Trail
2020-11-19 21:21:19,https://drive.google.com/open?id=1-nH3TWAUv1B2fnth9HqckIC5hTCCLsaA,BouncyJello,Android,Rotkamm,True,Slippery Slope,Time trial,22.6,Trail
2020-11-19 21:28:35,https://drive.google.com/open?id=1QPKnSVhSxb-ZAEs7n2487xYgBHmGHK7Z,BouncyJello,Android,Rotkamm,True,Skipping Icebergs,Time trial,27.88,Trail
2020-11-19 21:29:31,https://drive.google.com/open?id=1vSJJvM9BipvCTBzZz1WidyA7vTvL7K-x,BouncyJello,Android,Rotkamm,True,The Ice Bowl,Time trial,27.63,Race
2020-11-19 21:31:27,https://drive.google.com/open?id=1jySBoB2YPt2cR8BzXqgOr53aNEczUKu3,BouncyJello,Android,Rotkamm,True,The Village Run,Time trial,27.35,Race
2020-11-19 22:04:49,https://drive.google.com/open?id=1ri2rrm_oIzR5UD8iN9lncjmmtRVPdOET,BouncyJello,Android,Rotkamm,False,The Broken Trail,Time trial,40.43,Race
2020-11-19 23:11:21,https://drive.google.com/open?id=1aS4eFlDLJw-b2Enf1JvCS3CBaFW3YRmw,BouncyJello,Android,Rotkamm,True,Precision Drops,Time trial,15.75,Trail
2020-11-20 10:43:03,https://drive.google.com/open?id=1gBtegAjKM0c_-iTFf0bumsMxC54PqW_0,Chesty,iOS,Rotkamm,False,Pilgrim Run,High score,310.0,Distance
2020-11-24 14:33:49,https://drive.google.com/open?id=1N5q3nI1-yqr-oPNB91s3kfTGPffX1jwJ,Shadow,iOS,Rotkamm,False,Gross Air,Time trial,9.31,Trail
2020-11-24 14:34:44,https://drive.google.com/open?id=1rCBnVSftelHOod9rb9vF4OBgHzG0o5HQ,Shadow,iOS,Rotkamm,False,Slippery Slope,Time trial,22.89,Trail
2020-11-26 16:58:01,https://drive.google.com/open?id=1VL6rxz7SUBWUR0MQJhd3b7VNY3sOILjq,SYNO,iOS,Rotkamm,False,Gross Air,Time trial,9.47,Trail
2020-12-22 08:07:20,https://drive.google.com/open?id=1QfHeorQd7aiVRD2O-KMUR-ZfmuhcXYHs,hschindele,iOS,Rotkamm,True,The Village Run,Time trial,26.96,Race
2020-12-22 12:43:18,https://drive.google.com/open?id=1YwRmfjpjll0pJ-h3RGsCzkjMnxSCZlJS,hschindele,iOS,Rotkamm,True,The Broken Trail,Time trial,39.93,Race
2020-12-22 13:00:41,https://drive.google.com/open?id=1YasdJb5d7iqfcQrN5-qPMEUy3IuRcbep,hschindele,iOS,Rotkamm,True,The Green Glades,Time trial,16.36,Race
2020-12-22 14:24:51,https://drive.google.com/open?id=1otVmbzKC90kEp6EqkPnSkmNalH_ROtJQ,hschindele,iOS,Rotkamm,True,The River Jumps,Time trial,40.65,Race
2020-12-22 18:43:04,https://drive.google.com/open?id=1QGnNINZ5JCKseP5iSWa6pCIV8tGO9HUr,hschindele,iOS,Rotkamm,True,The Ice Bowl,Time trial,27.41,Race
2020-12-23 11:49:08,https://drive.google.com/open?id=1j1Z0tcoFveL8IilgmNn99jzIUeKJDFhR,hschindele,iOS,Rotkamm,True,The Rollercoaster,Time trial,30.9,Trail
2020-12-23 12:30:10,https://drive.google.com/open?id=1V34rNd5Hpub_pN41pjH1c7XzUmWVNiRb,hschindele,iOS,Rotkamm,True,Slippery Slope,Time trial,22.26,Trail
2020-12-23 13:47:20,https://drive.google.com/open?id=1Xr_pkHivxAuicT5NLgmgjhGoxtGmZUC1,hschindele,iOS,Rotkamm,True,Skipping Icebergs,Time trial,27.56,Trail
2020-12-23 14:06:41,https://drive.google.com/open?id=1K-fiUKDScpcsILPWHX7vcAitCHjxuaQb,hschindele,iOS,Rotkamm,True,Dropping In,Time trial,20.24,Trail
2020-12-23 17:35:43,https://drive.google.com/open?id=1Z2E6R0L0m5oMSO6arHQJcHxVWC1EVPa7,hschindele,iOS,Rotkamm,True,The Ice Slope,Time trial,22.23,TTB
2020-12-25 21:13:44,https://drive.google.com/open?id=1F1S3nUFab8HYeMPjaNmS9TMIcTt0og69,James :),Android,Rotkamm,True,Pilgrim Run,High score,339.8,Distance
2020-12-25 22:03:13,https://drive.google.com/open?id=199Eqc91lMCY8heAcUBcX0cJ6IuE77bxN,hschindele,iOS,Rotkamm,True,Pilgrim Run,High score,358.1,Distance
2021-01-04 13:59:46,https://drive.google.com/open?id=1VGtr1AMuU7N8eOuOK4S4wSy0rCVUwP8t,massiv97,Android,Rotkamm,False,The Ice Bowl,Time trial,28.38,Race
2021-01-04 14:00:30,https://drive.google.com/open?id=1Gf9P9YKA86-QX46NNLBl5g_Jg9fycpqo,massiv97,Android,Rotkamm,True,The Rollercoaster,Time trial,30.87,Trail
2021-01-04 14:12:17,https://drive.google.com/open?id=1SbsWwNePjuwq8QrCcNVbHTF15aZvnE1U,massiv97,Android,Rotkamm,False,Gross Air,Time trial,9.46,Trail
2021-01-04 17:36:37,https://drive.google.com/open?id=1l7I4qWmwJayMQ9eHlKWKXMQDKmer5Aw3,hschindele,iOS,Rotkamm,True,The Rollercoaster,Time trial,30.84,Trail
2021-01-04 17:38:07,https://drive.google.com/open?id=1cIHfozLPXFkY-6ExRfeNDQvxvE3YLh5b,massiv97,Android,Rotkamm,False,Slippery Slope,Time trial,22.77,Trail
2021-01-05 03:35:05,https://drive.google.com/open?id=15W51Ud9YG0RgUqPxSmeR2qMaL4g84bgK,Mountain_Greg,Android,Rotkamm,False,Skipping Icebergs,Time trial,28.33,Trail
2021-01-05 03:36:29,https://drive.google.com/open?id=1YXbAV_15Uy2S1zFSBAq9yniaJCUedK6w,Mountain_Greg,Android,Rotkamm,False,Gross Air,Time trial,9.41,Trail
2021-01-05 14:11:02,https://drive.google.com/open?id=15S0znItWEAsZ1yNd42UIQWylLUdcV9PF,massiv97,Android,Rotkamm,False,Staying Between The Stones,Time trial,25.73,Trail
2021-01-05 14:52:01,https://drive.google.com/open?id=1zYvw-g04orlPIo7UvXXlZrFxq7EE45ta,Mountain_Greg,Android,Rotkamm,False,The Broken Trail,Time trial,40.47,Race
2021-01-05 14:53:48,https://drive.google.com/open?id=18YZJJLczLtqZvU-32kyhxkzk0PSW84Yu,Mountain_Greg,Android,Rotkamm,False,The Rollercoaster,Time trial,31.22,Trail
2021-01-06 08:06:38,https://drive.google.com/open?id=13V_XTc94rpcxW5gKRxAgo5pu1ew5zg30,SYNO,iOS,Rotkamm,False,The Green Glades,Time trial,16.95,Race
2021-01-06 08:08:15,https://drive.google.com/open?id=1sRPvUG716-O0co0nZ7nVbRChz-dtKy7K,SYNO,iOS,Rotkamm,False,The Ice Bowl,Time trial,28.45,Race
2021-01-06 08:12:33,https://drive.google.com/open?id=15z66RxMvjltY4aXtquV8vUN2uqMVuH6u,SYNO,iOS,Rotkamm,False,The Broken Trail,Time trial,40.46,Race
2021-01-06 08:14:36,https://drive.google.com/open?id=1g49VPHmxGIxfUbRQ6DmJHIPrHMbVl6Dx,SYNO,iOS,Rotkamm,False,Slippery Slope,Time trial,22.54,Trail
2021-01-07 14:13:54,https://drive.google.com/open?id=15A66am3VbsFU43zCH18BqwWtmqNRkEsc,Mountain_Greg,Android,Rotkamm,False,The Ice Bowl,Time trial,28.63,Race
2021-01-07 14:15:40,https://drive.google.com/open?id=1ISOW70_-ktKAnjglPYC9h2ERqYeTwt0M,Mountain_Greg,Android,Rotkamm,False,The Green Glades,Time trial,16.94,Race
2021-01-07 21:53:52,https://drive.google.com/open?id=1FZLqe8AXJxsl4W6mHnbzPJ6-PRry1mcp,Gjeep302,Android,Rotkamm,True,Rotkamm Style I,High score,14623.0,Gated Trick
2021-01-07 21:54:51,https://drive.google.com/open?id=112yM2r9bjHymW2BGk7YDE_moLnXBA4IH,Gjeep302,Android,Rotkamm,True,Rotkamm Jumper,High score,11669.0,Gated Trick
2021-01-07 21:55:54,https://drive.google.com/open?id=1AGn80DITweYatI-5sXGAndHwy-5X9MY6,Gjeep302,Android,Rotkamm,True,Sending It,High score,13449.0,Open Trick
2021-01-07 21:56:48,https://drive.google.com/open?id=1sooNVNXUrnflsrlDM1JrNp_EYmKXZJXv,Gjeep302,Android,Rotkamm,True,Freeride Heaven,High score,13625.0,Open Trick
2021-01-07 21:58:29,https://drive.google.com/open?id=1UqrOCa3uFfa3R9LC38SCej49BdifXDlU,Gjeep302,Android,Rotkamm,False,Corner Flight,High score,5.78,Airtime
2021-01-07 22:29:44,https://drive.google.com/open?id=18ZsdbKCTHlxfxtbvBg47e29usVOyMUf-,Gjeep302,Android,Rotkamm,False,The River Jumps,Time trial,41.76,Race
2021-01-09 17:36:58,https://drive.google.com/open?id=1YMJElbJgyemuCpXeVxbSK6T5tc3wsA1J,Antaris,iOS,Rotkamm,True,Freeride Heaven,High score,14734.0,Open Trick
2021-01-10 16:30:43,https://drive.google.com/open?id=110HE9Z0ZGcMsJP8-9IPUl7_zj9BZNZ5v,SYNO,iOS,Rotkamm,True,Freeride Heaven,High score,33128.0,Open Trick
2021-01-11 09:35:39,https://drive.google.com/open?id=1ZydW_ZdzUpFmTJWG7r-wenDZQKRLsVqg,Mountain_Greg,Android,Rotkamm,True,Staying Between The Stones,Time trial,25.35,Trail
2021-01-11 09:39:28,https://drive.google.com/open?id=13-yLpAauyp5PAGvVvR2nfavmFLRraaKV,Mountain_Greg,Android,Rotkamm,False,Slippery Slope,Time trial,22.73,Trail
2021-01-11 10:49:43,https://drive.google.com/open?id=1JhGooh0AZWn1uksgQHZ8JkBkkPVBxavO,SYNO,iOS,Rotkamm,False,Staying Between The Stones,Time trial,25.64,Trail
2021-01-11 11:28:11,https://drive.google.com/open?id=1YlEx5FnzRXfWdVz0yRzD0LU5AwKjz1SM,hschindele,iOS,Rotkamm,True,Staying Between The Stones,Time trial,25.27,Trail
2021-01-12 01:26:20,https://drive.google.com/open?id=12u6Lq0mEoKDowDqWxauGpCI4AaqUZoQm,Mountain_Greg,Android,Rotkamm,False,The Ice Bowl,Time trial,28.42,Race
2021-01-12 01:27:30,https://drive.google.com/open?id=1C9WMlGi1AdaaCqu5EMsOZuHmEetdTNY3,Mountain_Greg,Android,Rotkamm,False,The River Jumps,Time trial,41.47,Race
2021-01-12 01:28:46,https://drive.google.com/open?id=1XM71gQiYe-E2xuLWV3sGw6XqGUAcUk1Z,Mountain_Greg,Android,Rotkamm,False,Precision Drops,Time trial,16.72,Trail
2021-01-13 00:58:57,https://drive.google.com/open?id=1wWtXE9magwAwYxevWO9hs8EMuLjJaV2E,Mountain_Greg,Android,Rotkamm,True,Rotkamm Jumper,High score,14461.0,Gated Trick
2021-01-13 01:00:12,https://drive.google.com/open?id=1C2nsxVdC8qcow_brtJyVUj8rIFcZf0Kc,Mountain_Greg,Android,Rotkamm,True,Rotkamm Style I,High score,17007.0,Gated Trick
2021-01-13 12:09:32,https://drive.google.com/open?id=1v9Wkgl33CdSpP8A7sLvV8U4t4lD4iUR9,Fenrir,Android,Rotkamm,False,Corner Flight,High score,5.16,Airtime
2021-01-13 12:10:09,https://drive.google.com/open?id=1HAH6L1_ex5jhsNGeLHB4n1MGpfdvcBL3,Fenrir,Android,Rotkamm,False,Dropping In,Time trial,25.36,Trail
2021-01-13 12:10:57,https://drive.google.com/open?id=1Qu-F7Z8zJ5rKQ9d481uNqqDwU3ttVdex,Fenrir,Android,Rotkamm,False,Freeride Heaven,High score,15101.0,Open Trick
2021-01-13 12:11:42,https://drive.google.com/open?id=1CM9U0IUw4SD4j0iMnyDWmrI_gFvJe6h2,Fenrir,Android,Rotkamm,False,Gross Air,Time trial,9.65,Trail
2021-01-13 12:13:35,https://drive.google.com/open?id=1WrvXz7uXoGX5AmKyJSKfogY0PPaVuGcE,Fenrir,Android,Rotkamm,False,Pilgrim Run,High score,311.4,Distance
2021-01-13 12:14:31,https://drive.google.com/open?id=1KXNAjasSHr2cyizZpzHW5p0gmFUJOgf7,Fenrir,Android,Rotkamm,False,Precision Drops,Time trial,17.56,Trail
2021-01-13 12:15:50,https://drive.google.com/open?id=1jDeCv6pR-hD6kdEvY5qk6qq2XR63ivWo,Fenrir,Android,Rotkamm,False,Sketchy Bears,Time trial,28.07,Trail
2021-01-13 12:16:50,https://drive.google.com/open?id=1W-uj47vmTMoncVRxwFOtZ_jjD9gXx5Np,Fenrir,Android,Rotkamm,True,Rotkamm Jumper,High score,15242.0,Gated Trick
2021-01-13 12:17:47,https://drive.google.com/open?id=1fbMIZoi8XTLViyIJxZs97JDmCTJSVqVI,Fenrir,Android,Rotkamm,False,Rotkamm Style I,High score,16649.0,Gated Trick
2021-01-13 12:18:53,https://drive.google.com/open?id=14M_9N3t2aX9P31knYe_2deIfobnX6ymP,Fenrir,Android,Rotkamm,True,Sending It,High score,18446.0,Open Trick
2021-01-13 12:20:18,https://drive.google.com/open?id=1D8T-vznZhQx-zMK-eiQBYTTJ_o0tn33m,Fenrir,Android,Rotkamm,False,Skipping Icebergs,Time trial,29.15,Trail
2021-01-13 12:22:03,https://drive.google.com/open?id=1ET82VFqoEPZik6IBFrbLuKmuRDLioY21,Fenrir,Android,Rotkamm,False,Slippery Slope,Time trial,24.09,Trail
2021-01-13 12:23:28,https://drive.google.com/open?id=1FHCNENlYkQmA4WlD_tENfzlPR0jLFnSV,Fenrir,Android,Rotkamm,False,Staying Between The Stones,Time trial,26.51,Trail
2021-01-13 12:24:52,https://drive.google.com/open?id=14jI3KkamWyGdKQ-oI6p-DRVOZVInmU2C,Fenrir,Android,Rotkamm,False,The Broken Trail,Time trial,41.42,Race
2021-01-13 12:25:41,https://drive.google.com/open?id=1o7BYrVQPa0cm6zybWBH_157AytGb2QDu,Fenrir,Android,Rotkamm,False,The Descender,High score,91.8,Triple Drop
2021-01-13 12:27:20,https://drive.google.com/open?id=1I3L65itCbVsjHUn59OpE1iNp8QPNLgiX,Fenrir,Android,Rotkamm,False,The Green Glades,Time trial,17.34,Race
2021-01-13 12:28:23,https://drive.google.com/open?id=1Fd29m8mMGuplLvlurTBNzmTsNqNSMj6x,Fenrir,Android,Rotkamm,False,The Ice Bowl,Time trial,29.58,Race
2021-01-13 12:29:13,https://drive.google.com/open?id=16CpsWjfGn1F923fKhjQmklkUhQaMz3Mx,Fenrir,Android,Rotkamm,False,The Ice Slope,Time trial,23.45,TTB
2021-01-13 12:30:01,https://drive.google.com/open?id=1n6W746IiiOT1uu8TyV54MK7Av6hpwufn,Fenrir,Android,Rotkamm,False,The River Jumps,Time trial,42.95,Race
2021-01-13 12:30:50,https://drive.google.com/open?id=17BXUcVDtgq40-sa6j5ammVnp6i0SDHCu,Fenrir,Android,Rotkamm,False,The Rollercoaster,Time trial,32.04,Trail
2021-01-13 12:31:37,https://drive.google.com/open?id=1CMdQzxxAXucUSa3uo3XgEBv_slmW_hpY,Fenrir,Android,Rotkamm,False,The Village Run,Time trial,29.29,Race
2021-01-13 16:20:23,https://drive.google.com/open?id=1pTEWAHxrhuHo6v9Qya4fUNKKvIJf0ZM2,Fenrir,Android,Rotkamm,True,Rotkamm Style I,High score,26309.0,Gated Trick
2021-01-13 18:37:56,https://drive.google.com/open?id=1KzIPpWamfBizQEgm-5QEnmhL9VpWLcu6,SYNO,iOS,Rotkamm,True,Rotkamm Style I,High score,41292.0,Gated Trick
2021-01-14 08:51:38,https://drive.google.com/open?id=1SOB-DLoUlKc8fsGIoR3C70gh8msFrwC_,Mountain_Greg,Android,Rotkamm,False,Dropping In,Time trial,20.91,Trail
2021-01-17 13:19:45,https://drive.google.com/open?id=1EXKmi6Tfe8P63EeJrONq4p265CrnM4iT,massiv97,Android,Rotkamm,False,The Village Run,Time trial,27.79,Race
2021-01-17 13:22:05,https://drive.google.com/open?id=1pPEXdQBJ1Xgy_dfQ_-OONMWcs-IZUMR8,massiv97,Android,Rotkamm,False,The Broken Trail,Time trial,40.44,Race
2021-01-17 13:22:59,https://drive.google.com/open?id=1NCzM5QdIwiityI9DhpUUYo08ZBlJtWYs,massiv97,Android,Rotkamm,False,The Green Glades,Time trial,16.69,Race
2021-01-17 13:24:03,https://drive.google.com/open?id=1WISigg7IM3aCPdDX8mv6-QkHVFMdFjMS,massiv97,Android,Rotkamm,False,The River Jumps,Time trial,41.25,Race
2021-01-17 13:24:51,https://drive.google.com/open?id=1pzEOMBXI-ZVXKBSdylTdcJz8KgHWK3rI,massiv97,Android,Rotkamm,False,Skipping Icebergs,Time trial,28.38,Trail
2021-01-17 13:25:34,https://drive.google.com/open?id=1hUq8Y7tmNAvCZUx_CIO7z4F_n3xFXl7b,massiv97,Android,Rotkamm,False,Precision Drops,Time trial,16.73,Trail
2021-01-17 13:27:01,https://drive.google.com/open?id=1gHz3DW-xIugNWHM-vm4Poa5vVoO3LOMi,massiv97,Android,Rotkamm,False,The Ice Slope,Time trial,22.88,TTB
2021-01-17 15:06:06,https://drive.google.com/open?id=1Bxy5RSmqFQvoAbAf81F4WbULOVGz_CmI,massiv97,Android,Rotkamm,False,Dropping In,Time trial,20.73,Trail
2021-01-18 02:03:56,https://drive.google.com/open?id=1EgnPix4JoOzVB68EanYSkQvm687rqlZm,Mountain_Greg,Android,Rotkamm,False,The Ice Slope,Time trial,22.75,TTB
2021-01-18 21:45:18,https://drive.google.com/open?id=1E3JFwwJYQuQm76ogfZ-mXS5Y2RvMZsJ_,SYNO,iOS,Rotkamm,False,The Rollercoaster,Time trial,31.45,Trail
2021-01-18 21:46:23,https://drive.google.com/open?id=1nsczgU3V4SSy10ibqHB32h1ytNRMFQF6,SYNO,iOS,Rotkamm,False,Skipping Icebergs,Time trial,28.23,Trail
2021-01-18 21:47:31,https://drive.google.com/open?id=1_BhU3dxvRNaYIU0aJbekA_-y18G4xWCh,SYNO,iOS,Rotkamm,False,Dropping In,Time trial,20.78,Trail
2021-01-18 21:50:51,https://drive.google.com/open?id=1SxJhNXONgGImGvUH9aCwYJR08OArgKA8,SYNO,iOS,Rotkamm,False,The Ice Slope,Time trial,22.68,TTB
2021-01-20 17:34:25,https://drive.google.com/open?id=1FphveFm8Q9Fuomj3c1Z4wY4qG9TXVzFK,Gjeep302,Android,Rotkamm,False,Corner Flight,High score,6.35,Airtime
2021-01-20 21:14:42,https://drive.google.com/open?id=1XFTgnWL6haLrfMPy0IzL1TMEE3eDM4xN,Gjeep302,Android,Rotkamm,False,The Green Glades,Time trial,16.86,Race
2021-01-21 12:25:18,https://drive.google.com/open?id=18K71dB-69xc3xgPjrDBt2llm-P8P50zI,SYNO,iOS,Rotkamm,False,The River Jumps,Time trial,41.38,Race
2021-01-21 12:28:57,https://drive.google.com/open?id=1LQSqx7TgVsiRPnHTEJnTRzvi_YjCJDru,SYNO,iOS,Rotkamm,False,Precision Drops,Time trial,16.69,Trail
2021-01-21 15:26:48,https://drive.google.com/open?id=1rhjzHIW21Z8szsVG3QH1khS4WubiUft1,Gjeep302,Android,Rotkamm,False,The River Jumps,Time trial,41.08,Race
2021-01-21 15:42:26,https://drive.google.com/open?id=1yafxpCfQkno2Mehm2-EmiXzQ18O5aDT7,Mountain_Greg,Android,Rotkamm,False,The Village Run,Time trial,27.94,Race
2021-01-21 15:53:13,https://drive.google.com/open?id=1F8r137kPf1XmNXFJknnCw_WTD6QtSWx4,Gjeep302,Android,Rotkamm,False,The Ice Bowl,Time trial,28.22,Race
2021-01-21 16:13:32,https://drive.google.com/open?id=1A9h95MV7CjNc4Q0K6le4DgXUU-ZW4XyD,Gjeep302,Android,Rotkamm,False,The Rollercoaster,Time trial,31.15,Trail
2021-01-21 16:25:45,https://drive.google.com/open?id=1Sw01CsZ54JHyrQgXrlSaAreoq2Wdbe-x,Gjeep302,Android,Rotkamm,False,Skipping Icebergs,Time trial,28.11,Trail
2021-01-21 16:36:16,https://drive.google.com/open?id=1VGWWEPZVBBn0eMm_kZBuy0uM0hq3V5tU,Gjeep302,Android,Rotkamm,False,Gross Air,Time trial,9.43,Trail
2021-01-21 17:05:56,https://drive.google.com/open?id=1g3jCgljRMP6gbx2lU6rNWWYIQpnKkPFk,Gjeep302,Android,Rotkamm,False,Slippery Slope,Time trial,22.56,Trail
2021-01-21 17:25:10,https://drive.google.com/open?id=1JQ88C-4y8zRcVxuXyii1UOhEcg3pW5E7,Gjeep302,Android,Rotkamm,False,Precision Drops,Time trial,16.74,Trail
2021-01-21 17:46:32,https://drive.google.com/open?id=1m4XOugVC1bvF_rNiKXwrpUY-xMRwBozP,Gjeep302,Android,Rotkamm,False,Dropping In,Time trial,21.45,Trail
2021-01-21 20:06:53,https://drive.google.com/open?id=1epkZh-Zf6gGorFIrZbgNwa-nMOG6hFTc,Gjeep302,Android,Rotkamm,False,The Ice Slope,Time trial,22.77,TTB
2021-01-22 07:24:19,https://drive.google.com/open?id=1DU8TZ6U6_KU3KhFuK36mAwv8ujbHaT-i,Gjeep302,Android,Rotkamm,False,Staying Between The Stones,Time trial,25.69,Trail
2021-01-22 07:25:44,https://drive.google.com/open?id=1uEg3CEd1pi1BAgTmSYu1ZGfIFgMxT5nM,Gjeep302,Android,Rotkamm,False,The Ice Slope,Time trial,22.77,TTB
2021-01-22 07:54:11,https://drive.google.com/open?id=1Wko61aTPkBLnCmskdH-kAS68EzbT8Smj,Gjeep302,Android,Rotkamm,False,The Village Run,Time trial,27.86,Race
2021-01-22 16:00:11,https://drive.google.com/open?id=12ndFZYCJUqep_HD5JId1sqVTwEI0SkNr,SYNO,iOS,Rotkamm,False,The Village Run,Time trial,27.94,Race
2021-01-22 16:01:18,https://drive.google.com/open?id=1ZkP-LNC-iHuQ4nIREkINHXEFQpPUiqZT,SYNO,iOS,Rotkamm,False,Sketchy Bears,Time trial,23.4,Trail
2021-01-22 16:11:47,https://drive.google.com/open?id=1jl6al9UvtludgothE93L2nahBN54vXRt,SYNO,iOS,Rotkamm,True,Sending It,High score,26786.0,Open Trick
2021-01-22 18:33:46,https://drive.google.com/open?id=18xc5X2skSUYKS78XQhxmfwbtTh_z2ON4,massiv97,Android,Rotkamm,False,Sketchy Bears,Time trial,23.52,Trail
2021-01-26 14:05:10,https://drive.google.com/open?id=1aRSnXiSqh_PyOO3ORt72YCO5qWLqlYAS,Mountain_Greg,Android,Rotkamm,True,Progressive Speed,Time trial,37.96,TTB
2021-01-26 14:26:41,https://drive.google.com/open?id=13WnuTB2_sSjOzA1Rz8oUPG4xQfL2m0ig,hschindele,iOS,Rotkamm,True,Progressive Speed,Time trial,37.64,TTB
2021-01-27 13:39:41,https://drive.google.com/open?id=1BkceRv7s5Vm4U4THn0eBoda6NoBcaTqL,massiv97,Android,Rotkamm,False,Progressive Speed,Time trial,38.95,TTB
2021-01-27 15:50:56,https://drive.google.com/open?id=1x8t3cVS0Md-cvwaGlzv7s-VnCsjONqvY,SYNO,iOS,Rotkamm,False,Progressive Speed,Time trial,38.59,TTB
2021-01-28 09:08:39,https://drive.google.com/open?id=1qUTjXabb7iUXJ3OojwHpq6KhuOzoQpuD,hschindele,iOS,Rotkamm,True,The Broken Trail,Time trial,39.76,Race
2021-01-31 07:36:20,https://drive.google.com/open?id=1j0IMsAbSX5ASmUje1NN9Yi-UXEj_txr7,Mountain_Greg,Android,Rotkamm,True,Staying Between The Stones,Time trial,25.15,Trail
2021-02-02 18:34:09,https://drive.google.com/open?id=1iDIAm6bCIsxrJWQQl6zskPlapf01fkV0,Jamiemac,Android,Rotkamm,False,Pilgrim Run,High score,343.1,Distance
2021-02-04 19:37:49,https://drive.google.com/open?id=1ApTVcSfHPCmB2vCgpupSLxL9FUtxPDk1,BouncyJello,Android,Rotkamm,True,Rotkamm Jumper,High score,24975.0,Gated Trick
2021-02-04 19:44:38,https://drive.google.com/open?id=1Iqla7hIuurhSm8rIiwzegg6yYO1JPRBx,SYNO,iOS,Rotkamm,True,Rotkamm Jumper,High score,30652.0,Gated Trick
2021-02-05 03:51:31,https://drive.google.com/open?id=1nVF6uLnj7lanWQ1xlMF8d7_EqNFDxysl,Mountain_Greg,Android,Rotkamm,True,Sketchy Bears,Time trial,23.27,Trail
2021-02-05 14:26:18,https://drive.google.com/open?id=1baNpBuG0UrYsN3Rv3y4GUrUTOfWCwE04,BouncyJello,Android,Rotkamm,False,Rotkamm Style I,High score,30008.0,Gated Trick
2021-02-05 16:44:43,https://drive.google.com/open?id=1cUSMwSf3gIVs4gBzQZ5Uh45zTNHNYvwT,BouncyJello,Android,Rotkamm,False,Sending It,High score,23600.0,Open Trick
2021-02-06 07:42:13,https://drive.google.com/open?id=15doMQVHXzGSIwmM45_vz17LdHMnAz5eu,Jamiemac,Android,Rotkamm,False,The Village Run,Time trial,27.68,Race
2021-02-06 14:45:22,https://drive.google.com/open?id=19QDaavmL8DtBtohsh_cK1le3O33zM4F4,Jamiemac,Android,Rotkamm,False,The Broken Trail,Time trial,40.04,Race
2021-02-07 20:11:35,https://drive.google.com/open?id=1-36DhLGYFJ_iL79Zdm_rdCnHqjVkFC1s,BouncyJello,Android,Rotkamm,False,Freeride Heaven,High score,27827.0,Open Trick
2021-02-07 22:25:06,https://drive.google.com/open?id=1IE1txv8jcn8tasLVzWRLAqjCott-D5Er,Gjeep302,Android,Rotkamm,False,The Descender,High score,107.7,Triple Drop
2021-02-08 03:45:37,https://drive.google.com/open?id=1yoPzEUriIajKiEH2KQhABZGwWfiRR-_A,Jamiemac,Android,Rotkamm,True,The Broken Trail,Time trial,39.63,Race
2021-02-08 04:12:26,https://drive.google.com/open?id=19P1oX7V8tdDi7H9hRJozEwUNhi50c5uA,Jamiemac,Android,Rotkamm,False,The Green Glades,Time trial,16.71,Race
2021-02-08 08:08:20,https://drive.google.com/open?id=1bRcOS8cy1Ei1nF2XcYiG7gy71YOuGbwb,hschindele,iOS,Rotkamm,True,The Broken Trail,Time trial,39.37,Race
2021-02-08 12:30:33,https://drive.google.com/open?id=193WBzjxejV8Dh7E5yxLZT9_NkqpgNDMC,Jamiemac,Android,Rotkamm,False,The River Jumps,Time trial,41.49,Race
2021-02-08 13:25:46,https://drive.google.com/open?id=1VftcLA3kAu8AEwIhH2Q1olM_IZ3UE-i8,massiv97,Android,Rotkamm,False,Corner Flight,High score,6.28,Airtime
2021-02-08 13:40:32,https://drive.google.com/open?id=1UpkbKzqWNo3IMeCkT_-VY0qh4K4OhxGs,massiv97,Android,Rotkamm,False,The Descender,High score,105.9,Triple Drop
2021-02-09 01:33:53,https://drive.google.com/open?id=1yjfFhi3zp_GZiPC3ICZjWP46oBDh63yn,Jamiemac,Android,Rotkamm,False,The Ice Bowl,Time trial,28.43,Race
2021-02-09 02:57:54,https://drive.google.com/open?id=1hknzBN_FZOF6leTd6WguS4DiSf-2PLNf,Jamiemac,Android,Rotkamm,False,The Rollercoaster,Time trial,31.12,Trail
2021-02-09 09:46:48,https://drive.google.com/open?id=1JgndDeXhV1wLyW2st9qaNJtYA4JFS7IN,Gjeep302,Android,Rotkamm,True,Progressive Speed,Time trial,33.9,TTB
2021-02-09 13:03:30,https://drive.google.com/open?id=1aZ5jLj0HWi_cT7H1hLk3K-Zaz_r5SiXN,Jamiemac,Android,Rotkamm,False,Skipping Icebergs,Time trial,28.08,Trail
2021-02-09 13:53:20,https://drive.google.com/open?id=1R5dXvUOARpItbUGguL8lromQCYVLxjw8,Jamiemac,Android,Rotkamm,False,Gross Air,Time trial,9.29,Trail
2021-02-10 03:10:12,https://drive.google.com/open?id=131ojjDcJH_s_mSEhUvRuGOinzrFj3Ihk,Jamiemac,Android,Rotkamm,False,Sketchy Bears,Time trial,23.67,Trail
2021-02-10 07:14:36,https://drive.google.com/open?id=1aX6OFXEQKXj6pChCvjzVXGhWtS4MN-Vh,Jamiemac,Android,Rotkamm,False,Slippery Slope,Time trial,22.7,Trail
2021-02-10 12:39:29,https://drive.google.com/open?id=1IDLAtFB7E5RsYXRgBT4WEtpad4OE25ip,Jamiemac,Android,Rotkamm,False,Precision Drops,Time trial,16.74,Trail
2021-02-10 15:24:07,https://drive.google.com/open?id=1k95irQ8AfYG3oVrAPsIcyEP0WDyNta6s,SYNO,iOS,Rotkamm,False,Corner Flight,High score,6.3,Airtime
2021-02-11 03:29:41,https://drive.google.com/open?id=1duuMz9KG_k-ay2otoyhfUEMRoXWJHzVM,Jamiemac,Android,Rotkamm,False,Dropping In,Time trial,20.77,Trail
2021-02-11 03:59:05,https://drive.google.com/open?id=1w_rG0GlSxeySursbgCajblnA00WOmh1S,Jamiemac,Android,Rotkamm,False,Staying Between The Stones,Time trial,25.23,Trail
2021-02-11 12:02:07,https://drive.google.com/open?id=18lf2xOxF8tDEbErsUOGo9fDtJo-Y3E-0,Jamiemac,Android,Rotkamm,False,The Ice Slope,Time trial,22.94,TTB
2021-02-11 12:17:51,https://drive.google.com/open?id=1MOBBa-msXDQPg3oaLWCIaf68k9b8CklW,Jamiemac,Android,Rotkamm,False,Progressive Speed,Time trial,38.24,TTB
2021-02-11 12:53:27,https://drive.google.com/open?id=1e05Zc9AEBSedOvdL67Os2MIYJMOz3Xko,Jamiemac,Android,Rotkamm,False,Corner Flight,High score,6.38,Airtime
2021-02-12 12:11:45,https://drive.google.com/open?id=1ziR9PQ1pOZ-eDwghQPxUwC9G8CP_21ZY,Jamiemac,Android,Rotkamm,False,Rotkamm Jumper,High score,24471.0,Gated Trick
2021-02-12 13:27:28,https://drive.google.com/open?id=1-S0EQNRIjBlyOPMmPDjddjxFJjJ0Or_1,Jamiemac,Android,Rotkamm,False,Rotkamm Style I,High score,32397.0,Gated Trick
2021-02-12 14:11:16,https://drive.google.com/open?id=1sFkAysqIWVQY62q1i8rmXKQjKeUg29N1,Avel,iOS,Rotkamm,False,The Ice Bowl,Time trial,28.48,Race
2021-02-12 15:08:01,https://drive.google.com/open?id=1LE08teDF2ClXOwrPd5bke8XwDsctr0bt,Jamiemac,Android,Rotkamm,False,The Descender,High score,106.7,Triple Drop
2021-02-13 03:41:53,https://drive.google.com/open?id=10TCrx0vj7XE_Z0LCUED-tIdirxCFHfoi,Avel,iOS,Rotkamm,False,The Rollercoaster,Time trial,31.24,Trail
2021-02-13 05:17:21,https://drive.google.com/open?id=1-mR5-hMIKydwMCUOGVmhnIBsRqvsTmv3,Jamiemac,Android,Rotkamm,False,Sending It,High score,22903.0,Open Trick
2021-02-13 10:07:39,https://drive.google.com/open?id=1_eyw6VwukcmbvtVn2Da0tubHmmjqBxL6,Gjeep302,Android,Rotkamm,False,Sketchy Bears,Time trial,23.32,Trail
2021-02-13 11:07:21,https://drive.google.com/open?id=1Jj835aw22-RZUDNy2ubEyTQm3EOn-4uj,Gjeep302,Android,Rotkamm,False,The Broken Trail,Time trial,39.85,Race
2021-02-13 15:52:51,https://drive.google.com/open?id=15DGcOmVMlbvcE8_kaUCVD9DalmDJexCR,hschindele,iOS,Rotkamm,True,Progressive Speed,Time trial,32.97,TTB
2021-02-14 05:05:54,https://drive.google.com/open?id=19sRfYcHRM5iws0J6BReUOsXqioHowtBM,massiv97,Android,Rotkamm,False,Progressive Speed,Time trial,35.05,TTB
2021-02-14 07:16:41,https://drive.google.com/open?id=14Bd-trvAYyGEQ8AZ_ioO5ZWKKGGPwnk2,Jamiemac,Android,Rotkamm,False,Freeride Heaven,High score,25222.0,Open Trick
2021-02-14 10:24:49,https://drive.google.com/open?id=1X8WFgX0KuHPVAboJYB8-8OmQU14PtfIw,Jamiemac,Android,Rotkamm,False,Progressive Speed,Time trial,36.98,TTB
2021-02-14 10:34:36,https://drive.google.com/open?id=19XZNeYJ4waOQOl2jgcMqjQuEcrFHoMQU,Jamiemac,Android,Rotkamm,False,Pilgrim Run,High score,345.2,Distance
2021-02-14 11:38:31,https://drive.google.com/open?id=1dS7P3zE6JcB6iGKCS5d-XEVP6LkS6-HW,massiv97,Android,Rotkamm,False,Dropping In,Time trial,20.5,Trail
2021-02-14 11:39:08,https://drive.google.com/open?id=1swteVn0Fl97Vv5Sbx0tuUhBh2wGTwwTs,massiv97,Android,Rotkamm,False,Gross Air,Time trial,9.23,Trail
2021-02-14 11:39:53,https://drive.google.com/open?id=1QmhG-7yWMf1z7tWKaJ3MdTLNXkPvz0Cf,massiv97,Android,Rotkamm,False,Slippery Slope,Time trial,22.34,Trail
2021-02-14 11:40:30,https://drive.google.com/open?id=1AkXyTAantkleSGViLCYyfAlycpgDuhYk,massiv97,Android,Rotkamm,False,Staying Between The Stones,Time trial,25.38,Trail
2021-02-14 11:41:15,https://drive.google.com/open?id=1iJeN6cX5Y0CW0KtEQ9CpHzIsPxOnlpVm,massiv97,Android,Rotkamm,False,The Broken Trail,Time trial,40.07,Race
2021-02-14 11:41:54,https://drive.google.com/open?id=1gHlWhLyFDC8xmppqPmmbqYmr3GlORILA,massiv97,Android,Rotkamm,False,The Ice Slope,Time trial,22.47,TTB
2021-02-15 20:12:26,https://drive.google.com/open?id=1kaIADWCDyhsL_vAKpyjZrW2432A9_-cW,SYNO,iOS,Rotkamm,False,Progressive Speed,Time trial,35.71,TTB
2021-02-15 20:20:22,https://drive.google.com/open?id=1eqRTa19GceeK7j_bOsFlzZO7v6FVrpTr,SYNO,iOS,Rotkamm,False,The Descender,High score,105.7,Triple Drop
2021-02-15 20:21:06,https://drive.google.com/open?id=1hnItr804xbpT6MIMxpXGSawc_B7lt2lc,SYNO,iOS,Rotkamm,False,Pilgrim Run,High score,340.4,Distance
2021-02-16 04:30:41,https://drive.google.com/open?id=1xZ5wODZsUwmCzFvS8n0ejR2ZlUKf2uVj,Mountain_Greg,Android,Rotkamm,False,The Rollercoaster,Time trial,30.91,Trail
2021-02-16 04:31:31,https://drive.google.com/open?id=1PxVQCvcBRQrJ7XaR_OBAPV0R3m-FZuyA,Mountain_Greg,Android,Rotkamm,False,The Green Glades,Time trial,16.83,Race
2021-02-16 04:32:39,https://drive.google.com/open?id=1tHsfYVtlyewUbsfChthuCJea3TXxQkd3,Mountain_Greg,Android,Rotkamm,False,The Broken Trail,Time trial,39.97,Race
2021-02-16 04:33:33,https://drive.google.com/open?id=1aUtkNhYpN_CQcoNFvBxWa5U2jYTtSmbu,Mountain_Greg,Android,Rotkamm,False,Progressive Speed,Time trial,35.0,TTB
2021-02-16 04:34:18,https://drive.google.com/open?id=1G4ia0MEpH6N3kJ43s9rbxsF_PcwLPB5S,Mountain_Greg,Android,Rotkamm,False,The Descender,High score,100.1,Triple Drop
2021-02-16 04:35:15,https://drive.google.com/open?id=1JlrDx1VcY3S-XoPus6GLhScNZ2IE9Vc0,Mountain_Greg,Android,Rotkamm,False,Pilgrim Run,High score,341.6,Distance
2021-02-16 14:06:10,https://drive.google.com/open?id=1btCOq7NX-etpbXtXAb06KI53rUhwefDg,Mountain_Greg,Android,Rotkamm,True,The Ice Slope,Time trial,22.17,TTB
2021-02-16 20:39:41,https://drive.google.com/open?id=1AzgxrVgQO1C-HAqyNHGmGWFXlbU_Bjm-,hschindele,iOS,Rotkamm,True,The Ice Slope,Time trial,21.46,TTB
2021-02-16 20:44:08,https://drive.google.com/open?id=1i6ZoWOMiC9P2QwEk3FiTy0ksy894Ltzw,hschindele,iOS,Rotkamm,True,Gross Air,Time trial,9.0,Trail
2021-02-17 07:43:54,https://drive.google.com/open?id=1D_m6VCNYZyguAayvxbFaA7_RyD59awMW,Mountain_Greg,Android,Rotkamm,False,The Village Run,Time trial,27.4,Race
2021-02-17 07:45:59,https://drive.google.com/open?id=1OugsTQQh-ruSZjH_NXuNxjnQSi96or-S,Mountain_Greg,Android,Rotkamm,False,The Ice Bowl,Time trial,28.17,Race
2021-02-18 19:46:11,https://drive.google.com/open?id=1DBE2beWjSkKoALzOW5dsBaY_XP5bUX2n,BouncyJello,Android,Rotkamm,True,Pilgrim Run,High score,406.2,Distance
2021-02-18 19:47:25,https://drive.google.com/open?id=1FHebNiY19RIObbaV6uehEzOzMDIH57jT,BouncyJello,Android,Rotkamm,True,The Descender,High score,120.0,Triple Drop
2021-02-18 19:49:21,https://drive.google.com/open?id=1LhTdtRw8IXCjj9ns8djIbvnIg7PuA-vC,BouncyJello,Android,Rotkamm,True,Corner Flight,High score,7.2,Airtime
2021-02-21 20:44:14,https://drive.google.com/open?id=1DXLvipRz8JgHNdemOfZs8U5bjHuBqDvr,Skier50,iOS,Rotkamm,True,The Descender,High score,120.1,Triple Drop
2021-02-22 16:47:10,https://drive.google.com/open?id=1Ri5psc2uyXDme-EbHGzL_FwkTRYubnVx,Fenrir,Android,Rotkamm,False,Pilgrim Run,High score,312.5,Distance
2021-02-22 16:49:21,https://drive.google.com/open?id=1toBouSRHClC3gIXWIfR7JRLyYg3fpucf,Fenrir,Android,Rotkamm,False,Precision Drops,Time trial,16.97,Trail
2021-02-22 16:59:29,https://drive.google.com/open?id=1VxMV0Rri-w1u8q3xLyEPKVKyy0bE0vyx,Fenrir,Android,Rotkamm,False,Staying Between The Stones,Time trial,25.84,Trail
2021-02-22 17:03:24,https://drive.google.com/open?id=1kMu4Y3KFjy400J7ex2ude1Ct5g3E_EHx,Fenrir,Android,Rotkamm,False,The Broken Trail,Time trial,41.35,Race
2021-02-22 17:08:12,https://drive.google.com/open?id=1BGCfW_Quy6HtNyUf43fdsMSo5Omh5gLV,Fenrir,Android,Rotkamm,False,The Ice Bowl,Time trial,29.3,Race
2021-02-22 17:12:12,https://drive.google.com/open?id=1OtONXnE61GYQ2i65sdzKf4BEe_7nodGk,Fenrir,Android,Rotkamm,False,The Village Run,Time trial,29.11,Race
2021-02-23 06:21:05,https://drive.google.com/open?id=1qr__QHYKpuC9Qjy-FzhRDU5cz9OZwlU8,Mountain_Greg,Android,Rotkamm,False,The Descender,High score,106.3,Triple Drop
2021-02-25 12:56:28,https://drive.google.com/open?id=1rX0580_6ipHzV3yQAZBilzOIlGuhcVaI,Skier50,iOS,Rotkamm,False,The Ice Bowl,Time trial,28.34,Race
2021-02-25 12:57:27,https://drive.google.com/open?id=1NhnPJo2gp-WB9-iIn6iom1XhBvP6bsJd,Skier50,iOS,Rotkamm,False,The Green Glades,Time trial,16.96,Race
2021-02-25 12:58:07,https://drive.google.com/open?id=14uxjp3mqB5IF4qfMT98TENNuh0jLydcS,Skier50,iOS,Rotkamm,False,The Broken Trail,Time trial,40.35,Race
2021-02-25 12:58:57,https://drive.google.com/open?id=1VYTDqrx2bLyOaNv9BJwi5-XWYrDFEPcN,Skier50,iOS,Rotkamm,False,Skipping Icebergs,Time trial,27.68,Trail
2021-02-25 12:59:43,https://drive.google.com/open?id=1dS8UOnGkmUJor5Afn2Por_Z1Nh6Y5EZ_,Skier50,iOS,Rotkamm,False,Gross Air,Time trial,9.32,Trail
2021-02-27 17:13:01,https://drive.google.com/open?id=1emLrqAklhlzHH_vVBOB8Ikwo2LIFaMur,Skier50,iOS,Rotkamm,False,The River Jumps,Time trial,41.49,Race
2021-02-27 17:15:17,https://drive.google.com/open?id=1-bJQ3QRe70PaMnHq-2ESXHtKsRsUdaxR,Skier50,iOS,Rotkamm,False,Slippery Slope,Time trial,22.81,Trail
2021-02-27 17:16:11,https://drive.google.com/open?id=1oA99LFPizdiOSuZjYSaS5YZx9MqZqoWG,Skier50,iOS,Rotkamm,False,Staying Between The Stones,Time trial,25.71,Trail
2021-03-01 07:12:45,https://drive.google.com/open?id=15zUKEBGrKvOQgpZcsjgbWA8Vv9ODM76T,massiv97,Android,Rotkamm,False,Pilgrim Run,High score,345.7,Distance
2021-03-02 03:28:28,https://drive.google.com/open?id=1LNN6xpNfoXKW-tliAYvZwME3O3neWbmI,Mountain_Greg,Android,Rotkamm,False,Freeride Heaven,High score,17590.0,Open Trick
2021-03-02 03:29:15,https://drive.google.com/open?id=10rpkvUXRxnjjnr6sjRpe4rdoogfXRxWq,Mountain_Greg,Android,Rotkamm,False,Sending It,High score,18316.0,Open Trick
2021-03-04 14:11:42,https://drive.google.com/open?id=12Hcw_yREqeaUcck8ziH5NOUm4LRBeLHe,BouncyJello,Android,Rotkamm,True,Progressive Speed,Time trial,32.85,TTB
2021-03-04 14:15:33,https://drive.google.com/open?id=1HwxWmIqiR9yx_A9rtpAMzY2lpVYEY6pN,BouncyJello,Android,Rotkamm,True,The Descender,High score,127.1,Triple Drop
2021-03-04 15:03:59,https://drive.google.com/open?id=1djCGqkxHOmjIOjTF9gejBgle7-Xuh6Z5,SYNO,iOS,Rotkamm,True,The Rollercoaster,Time trial,30.48,Trail
2021-03-04 15:04:48,https://drive.google.com/open?id=1aDbskg-g5p5r7zxkpMpyPVTYNvi5s2kB,SYNO,iOS,Rotkamm,True,Staying Between The Stones,Time trial,25.07,Trail
2021-03-04 15:05:49,https://drive.google.com/open?id=1A3mr_kVP3hCrwPvs_VXd5VseOwsQmiWM,SYNO,iOS,Rotkamm,False,Progressive Speed,Time trial,33.36,TTB
2021-03-04 15:28:35,https://drive.google.com/open?id=12gz737imw5ZLuonf_cwvq1oumvbY6lMQ,SYNO,iOS,Rotkamm,True,Freeride Heaven,High score,35480.0,Open Trick
2021-03-04 15:29:36,https://drive.google.com/open?id=1QNckwQaZp2g5VuegWtaz7JyfP12iev2R,SYNO,iOS,Rotkamm,True,Sending It,High score,33224.0,Open Trick
2021-03-04 15:30:48,https://drive.google.com/open?id=10mfL0d72yKNEpRsAOPUhuLNIPj2LAMJO,SYNO,iOS,Rotkamm,True,Rotkamm Style I,High score,49492.0,Gated Trick
2021-03-04 21:18:55,https://drive.google.com/open?id=1lblZo5HiFPprayFyI5kLa0myyrJQ-lql,hschindele,iOS,Rotkamm,True,The Rollercoaster,Time trial,30.4,Trail
2021-03-04 21:20:57,https://drive.google.com/open?id=135q1Fxcf8UznwTRHuc9mv9s37zKNPOLs,hschindele,iOS,Rotkamm,False,Staying Between The Stones,Time trial,25.12,Trail
2021-03-06 11:16:19,https://drive.google.com/open?id=1UTCgpuChPnzYnwHiX7-4zer0D2OjNSS8,Pinsek,Android,Rotkamm,False,The Broken Trail,Time trial,40.5,Race
2021-03-06 15:29:06,https://drive.google.com/open?id=1KWyYitKIGfPQUkX2VfKA8B2mYgdxPUxf,Pinsek,Android,Rotkamm,False,The Ice Bowl,Time trial,28.49,Race
2021-03-06 18:03:20,https://drive.google.com/open?id=1qdAfZfPpMNzrPKEsuXKVS2NknOXDZ-BE,Avel,iOS,Rotkamm,False,The Green Glades,Time trial,16.96,Race
2021-03-07 07:56:30,https://drive.google.com/open?id=1RBH2KJVXC6qT3-mSxdfjxaVjW1XGgS3g,Avel,iOS,Rotkamm,False,The Broken Trail,Time trial,40.34,Race
2021-03-07 17:27:29,https://drive.google.com/open?id=1rKvpnBGKvHepxWYS_Wrch-p1oZ7Z3l2x,Pinsek,Android,Rotkamm,False,The Broken Trail,Time trial,40.41,Race
2021-03-08 08:46:15,https://drive.google.com/open?id=17cnJRj6c_dB4P5XTojVKlv20vcUJmraw,Avel,iOS,Rotkamm,False,The Village Run,Time trial,29.23,Race
2021-03-08 08:47:55,https://drive.google.com/open?id=1_UmvmcyRVPRu9KKWOYLO_aFQjzoRsBwP,Avel,iOS,Rotkamm,False,The River Jumps,Time trial,42.49,Race
2021-03-08 08:49:46,https://drive.google.com/open?id=143_0AjMMb0olefjLdNZOinfXrkruhJKm,Avel,iOS,Rotkamm,False,Sketchy Bears,Time trial,26.08,Trail
2021-03-08 08:56:27,https://drive.google.com/open?id=1m_6kqC2d-Q3F_ualVQ_IxsGwJ3Cl_ZNy,Avel,iOS,Rotkamm,False,Skipping Icebergs,Time trial,28.86,Trail
2021-03-08 08:59:00,https://drive.google.com/open?id=1y4ppU5nSmmEoN2o83CbJFAhe_bC41Vwe,Avel,iOS,Rotkamm,False,Gross Air,Time trial,9.52,Trail
2021-03-08 09:01:04,https://drive.google.com/open?id=1VrApDL12rl2rg3NqEDnKPQW8977_jf2E,Avel,iOS,Rotkamm,False,Slippery Slope,Time trial,23.82,Trail
2021-03-08 09:03:50,https://drive.google.com/open?id=1L99hijhuJAmU7-gtmNaUGsuhV6lHa9OC,Avel,iOS,Rotkamm,False,Precision Drops,Time trial,17.5,Trail
2021-03-08 09:06:20,https://drive.google.com/open?id=1esFeEjB8-B2KBWvtR_oYhvetf5CAhBvY,Avel,iOS,Rotkamm,False,Dropping In,Time trial,23.58,Trail
2021-03-08 09:08:13,https://drive.google.com/open?id=1hYWzdaN4jc5q6NRR8YqAYnj0C-e9chl6,Avel,iOS,Rotkamm,False,Staying Between The Stones,Time trial,26.16,Trail
2021-03-08 09:11:35,https://drive.google.com/open?id=1MUoYwJEeFBW7-cRNuZx5Ia4s7OOLjtG1,Avel,iOS,Rotkamm,False,Progressive Speed,Time trial,39.88,TTB
2021-03-08 09:13:53,https://drive.google.com/open?id=1xycrvI3kpahlKPKtZ_SJPJGEGdrXbb4-,Avel,iOS,Rotkamm,False,The Ice Slope,Time trial,23.48,TTB
2021-03-08 10:27:02,https://drive.google.com/open?id=1c0kBA2lnhLZvaOqVfFQRBJpwTq6y9ijX,Ryan Monty,Android,Rotkamm,False,Precision Drops,Time trial,16.74,Trail
2021-03-08 10:27:35,https://drive.google.com/open?id=1xC7D7MGfKcsOleYdPjh64WkMBeHoJB9q,Ryan Monty,Android,Rotkamm,False,The Ice Bowl,Time trial,28.4,Race
2021-03-08 10:28:08,https://drive.google.com/open?id=10e16hiVGfbUk9tBCnUnDa6mVhRD76ece,Ryan Monty,Android,Rotkamm,False,Staying Between The Stones,Time trial,25.69,Trail
2021-03-08 10:28:40,https://drive.google.com/open?id=1mZc1o-cbw2tKIEQPvuB-2hlpWslh2XS4,Ryan Monty,Android,Rotkamm,False,The Green Glades,Time trial,16.96,Race
2021-03-08 10:29:15,https://drive.google.com/open?id=1w7-pBPBzm6sgy1KjiUQMFl8zd1b8V09k,Ryan Monty,Android,Rotkamm,False,Slippery Slope,Time trial,22.92,Trail
2021-03-08 10:29:53,https://drive.google.com/open?id=1oAXAajGEvjM4eErCd6Ywjas_k8rANg20,Ryan Monty,Android,Rotkamm,False,Gross Air,Time trial,9.43,Trail
2021-03-08 10:31:01,https://drive.google.com/open?id=1WMDr-kcnt4cOXcD1_79cTkhzs42f05U2,Ryan Monty,Android,Rotkamm,False,The Rollercoaster,Time trial,31.14,Trail
2021-03-08 10:31:45,https://drive.google.com/open?id=1TkI7K-WuQRuss4vBcmytmyV0v4vcWq6_,Ryan Monty,Android,Rotkamm,False,The Ice Slope,Time trial,22.69,TTB
2021-03-08 10:32:18,https://drive.google.com/open?id=1ASBD_4FLh9_h7c7Tmf77KIiH7aGFuZ2a,Ryan Monty,Android,Rotkamm,False,Skipping Icebergs,Time trial,28.48,Trail
2021-03-08 14:38:41,https://drive.google.com/open?id=18RuHlfCzsxrbv5R0U9LeYCXE3FdO21-8,Skier50,iOS,Rotkamm,False,Precision Drops,Time trial,16.59,Trail
2021-03-08 14:40:14,https://drive.google.com/open?id=1R0-8tAKPWHv_bwGNF2Adu5oIKlPQj-bR,Skier50,iOS,Rotkamm,False,Dropping In,Time trial,20.89,Trail
2021-03-08 14:41:04,https://drive.google.com/open?id=1AI72rxAF-tVhRUq-Xiu4ZDTR-Ce1SEni,Skier50,iOS,Rotkamm,False,The Rollercoaster,Time trial,31.18,Trail
2021-03-08 22:55:42,https://drive.google.com/open?id=1dgQ-LuVQL080wqlDgi4P331zMM-xbMHZ,Ryan Monty,Android,Rotkamm,False,The River Jumps,Time trial,41.49,Race
2021-03-08 22:56:20,https://drive.google.com/open?id=1BHYO_95cXeMhRtrazb6ukTkrazawqV3-,Ryan Monty,Android,Rotkamm,False,Dropping In,Time trial,20.94,Trail
2021-03-10 00:41:19,https://drive.google.com/open?id=1tNxcWox_gKyT-ofQKQJAV42ZXfVd3vyd,Ryan Monty,Android,Rotkamm,False,The Broken Trail,Time trial,40.31,Race
2021-03-11 06:01:39,https://drive.google.com/open?id=1IIXrdTwQsdLLYCGTgNoW_uLHXI6FMPgw,Mountain_Greg,Android,Rotkamm,True,Slippery Slope,Time trial,22.22,Trail
2021-03-11 06:02:22,https://drive.google.com/open?id=1OZ9vo-ZCZbt2mG31PTjDCmZzOTSd1C-O,Mountain_Greg,Android,Rotkamm,False,The River Jumps,Time trial,40.74,Race
2021-03-11 06:03:16,https://drive.google.com/open?id=1w65xqQlYW53deUZvodlTu-FFFtX7On46,Mountain_Greg,Android,Rotkamm,False,The Rollercoaster,Time trial,30.62,Trail
2021-03-11 08:01:43,https://drive.google.com/open?id=1G9Oig5RJDqZ3IINfhKD0C02H-tOOShbX,Avel,iOS,Rotkamm,False,Rotkamm Jumper,High score,16865.0,Gated Trick
2021-03-11 15:00:38,https://drive.google.com/open?id=1gz3bwqPhF2nXlRE7h43eh0K3TvDFLJoz,hschindele,iOS,Rotkamm,True,Slippery Slope,Time trial,21.99,Trail
2021-03-11 23:30:32,https://drive.google.com/open?id=1GkCMypDpzAYEKi8med580OB9gMBhviLd,Ryan Monty,Android,Rotkamm,False,Progressive Speed,Time trial,36.96,TTB
2021-03-12 07:49:57,https://drive.google.com/open?id=1NE2s_30NfKRneJwqWeaFQondNJN7XP1I,Skier50,iOS,Rotkamm,False,The Village Run,Time trial,27.79,Race
2021-03-12 07:50:36,https://drive.google.com/open?id=1WalXC-pUds6wJa0KW7NykiqSIplwEw0E,Skier50,iOS,Rotkamm,False,Progressive Speed,Time trial,36.81,TTB
2021-03-12 07:53:10,https://drive.google.com/open?id=1nusvzmZKSJNSPJ3tTZE8xJ2nrn-kSFdI,Skier50,iOS,Rotkamm,False,The Ice Slope,Time trial,22.66,TTB
2021-03-16 11:53:32,https://drive.google.com/open?id=1k7DMX6r4MqgobPC4XUMhXvgXh9cWAHy5,Ryan Monty,Android,Rotkamm,False,The Village Run,Time trial,27.56,Race
2021-03-16 17:20:40,https://drive.google.com/open?id=1FodpY2CvPgKEgtACb7cIw4hNKffhB7io,massiv97,Android,Rotkamm,False,Sending It,High score,27092.0,Open Trick
2021-03-16 22:01:37,https://drive.google.com/open?id=140FGtZ6BvcJrf078McoLnGgz3M2MJxMx,Ryan Monty,Android,Rotkamm,False,Sketchy Bears,Time trial,23.66,Trail
2021-03-17 11:24:10,https://drive.google.com/open?id=1yhY1KFIRZ5zS8KcbRAro0oj4t2wwYpfg,Mountain_Greg,Android,Rotkamm,False,Corner Flight,High score,6.36,Airtime
2021-03-17 11:26:10,https://drive.google.com/open?id=1LtvRTlB6VZuGWP_-vpqo-FmRtq5vys6v,Mountain_Greg,Android,Rotkamm,False,Progressive Speed,Time trial,33.75,TTB
2021-03-19 13:14:52,https://drive.google.com/open?id=1EL8Dxo68WMKm8Von6fend444Daeotp4h,Pinsek,Android,Rotkamm,False,The Green Glades,Time trial,16.86,Race
2021-03-19 14:30:51,https://drive.google.com/open?id=1-IIgTH7yWTKOFrd6Qdsij88CDEWAtc_r,Pinsek,Android,Rotkamm,False,The Rollercoaster,Time trial,31.47,Trail
2021-03-19 14:38:08,https://drive.google.com/open?id=1PYLu2rgfQM9SouzSJAvGAV8oJDqTcRkv,Pinsek,Android,Rotkamm,False,Skipping Icebergs,Time trial,28.39,Trail
2021-03-22 06:31:23,https://drive.google.com/open?id=1Q2da-zYs3BX0KB0WFyL_JlBCudOfnu3s,Mountain_Greg,Android,Rotkamm,False,Skipping Icebergs,Time trial,28.1,Trail
2021-03-22 06:31:55,https://drive.google.com/open?id=175RzmV66JYKaYszarS43704AbJKTSyoc,Mountain_Greg,Android,Rotkamm,False,Precision Drops,Time trial,16.43,Trail
2021-03-22 06:32:30,https://drive.google.com/open?id=1cfKrpy2_307qVR6CcnXpdOI6T0Cz5iUM,Mountain_Greg,Android,Rotkamm,False,Progressive Speed,Time trial,33.18,TTB
2021-03-22 06:40:45,https://drive.google.com/open?id=1wv494D1EiCwwuYhfSdMzb9pylv0WTRBy,Mountain_Greg,Android,Rotkamm,False,The Ice Slope,Time trial,21.57,TTB
2021-03-22 06:41:33,https://drive.google.com/open?id=1liMGvIzulNymdY7WPXDPURvgySEfY4IH,Mountain_Greg,Android,Rotkamm,False,Gross Air,Time trial,9.27,Trail
2021-03-22 06:42:09,https://drive.google.com/open?id=1JB2LtfKblcpvHDqA67-2AK92eKvDmcHK,Mountain_Greg,Android,Rotkamm,False,The Ice Bowl,Time trial,27.74,Race
2021-03-26 08:09:06,https://drive.google.com/open?id=1pf6O6Wel9gNmOFsctWujoz-NH_HlCFnX,Pinsek,Android,Rotkamm,False,Gross Air,Time trial,9.49,Trail
2021-03-30 23:25:22,https://drive.google.com/open?id=1qKBYCVmsBtiugFDRbk6To6PiJubkKRls,Ryan Monty,Android,Rotkamm,False,Staying Between The Stones,Time trial,25.4,Trail
2021-03-30 23:40:15,https://drive.google.com/open?id=1g7q4xFmEcEJcsUpHtQRPWilVhaYyUDQl,Ryan Monty,Android,Rotkamm,False,The River Jumps,Time trial,40.97,Race
2021-03-31 06:22:04,https://drive.google.com/open?id=1Y8z9q4Zj2wi4NJxxAum6-rytWq2CXGDQ,Skier50,iOS,Rotkamm,False,The Green Glades,Time trial,16.8,Race
2021-04-04 01:38:26,https://drive.google.com/open?id=1iTqv4yWrR9vvFP7NM93viMrdmy4vUK1G,Mountain_Greg,Android,Rotkamm,False,Precision Drops,Time trial,16.19,Trail
2021-04-04 01:38:58,https://drive.google.com/open?id=1YbapBXdaUpeaYmqzWCxao9_uenjJOcSn,Mountain_Greg,Android,Rotkamm,False,The Green Glades,Time trial,16.8,Race
2021-04-04 01:39:37,https://drive.google.com/open?id=10N42k8aQBO-PePxYawOjaATzaWPn9Pnn,Mountain_Greg,Android,Rotkamm,True,The Village Run,Time trial,26.93,Race
2021-04-04 01:53:37,https://drive.google.com/open?id=1aWmTz6RIbBTLmWb8PcnKzjDPMafsq0wo,Mountain_Greg,Android,Rotkamm,True,Progressive Speed,Time trial,32.14,TTB
2021-04-04 01:54:15,https://drive.google.com/open?id=1izFTYlpMBBrsvBNxwOEuP5V4z_JJGYKs,Mountain_Greg,Android,Rotkamm,True,The Ice Slope,Time trial,20.7,TTB
2021-04-04 20:23:19,https://drive.google.com/open?id=1yiu_lW3zX1_uY71iUhwE8UBVxtjUvSSm,Skier50,iOS,Rotkamm,False,The Ice Slope,Time trial,22.28,TTB
2021-04-05 14:20:03,https://drive.google.com/open?id=1DXe_VJc3W1Yetnulxfxa87s8BQsBP_9M,Jamiemac,Android,Rotkamm,True,The River Jumps,Time trial,40.36,Race
2021-04-05 15:59:21,https://drive.google.com/open?id=16i7iauvyNS2peBPRTxAcX2birozffIqm,Jamiemac,Android,Rotkamm,False,The Ice Bowl,Time trial,28.07,Race
2021-04-05 17:03:01,https://drive.google.com/open?id=14oYwhWBlS51svcvV22pfVb80iKjhirLH,hschindele,iOS,Rotkamm,True,The River Jumps,Time trial,40.16,Race
2021-04-05 17:04:28,https://drive.google.com/open?id=1VRyNVuqtnebvC6pj_aqdpfZRN165TxFY,hschindele,iOS,Rotkamm,True,The Village Run,Time trial,26.62,Race
2021-04-06 11:42:41,https://drive.google.com/open?id=1k7itrhECsXe7MQvfwn4TWwYfcPn_AXjE,Jamiemac,Android,Rotkamm,True,Sketchy Bears,Time trial,23.0,Trail
2021-04-06 12:19:34,https://drive.google.com/open?id=1vKbwy6cykdP84hyhfiDGLyeL1hPR4adu,Jamiemac,Android,Rotkamm,True,Slippery Slope,Time trial,21.98,Trail
2021-04-06 12:44:34,https://drive.google.com/open?id=1oJCeVmSgi_A_TN-TE6k4Cc8YF3qbpiyy,Jamiemac,Android,Rotkamm,False,Precision Drops,Time trial,16.57,Trail
2021-04-07 12:07:31,https://drive.google.com/open?id=1YrW8UPH-X3ERptA7DSAXsGUx6BuqKoUd,Jamiemac,Android,Rotkamm,False,The Ice Slope,Time trial,22.48,TTB
2021-04-07 14:35:29,https://drive.google.com/open?id=1ZJ5kf8QUgDcbFBZg5ja3MMxPFn9mXfrh,hschindele,iOS,Rotkamm,True,Sketchy Bears,Time trial,22.5,Trail
2021-04-07 15:01:29,https://drive.google.com/open?id=1XYKvPpxcbVGh1VclryRGPjsRMndAKNPJ,Ryan Monty,Android,Rotkamm,False,Skipping Icebergs,Time trial,28.19,Trail
2021-04-07 15:09:11,https://drive.google.com/open?id=1CSCwF4ABbtkWHH9O4b3BFT7QZ7H3cHFM,Ryan Monty,Android,Rotkamm,False,The Ice Slope,Time trial,22.27,TTB
2021-04-07 15:27:07,https://drive.google.com/open?id=1hS4CdqYcdlsZ7meiXak4vqx69QQ1eV5K,Ryan Monty,Android,Rotkamm,False,Progressive Speed,Time trial,35.36,TTB
2021-04-07 15:43:56,https://drive.google.com/open?id=1dyiV_XYfRwls1t0cQLdbnRrP3Q_YAq_3,Ryan Monty,Android,Rotkamm,False,The Green Glades,Time trial,16.51,Race
2021-04-07 16:07:42,https://drive.google.com/open?id=1VlsRA-5wR-3YQ5gTjM2rWu9i3q76fE36,Ryan Monty,Android,Rotkamm,False,Staying Between The Stones,Time trial,25.24,Trail
2021-04-07 16:15:12,https://drive.google.com/open?id=1_fWLpLeGHedi63jCVoP3R5lsBIVC2gPf,Jamiemac,Android,Rotkamm,False,Progressive Speed,Time trial,32.31,TTB
2021-04-07 16:23:11,https://drive.google.com/open?id=1erpN9JQdn_a4phXHBbixNW-xJTbK1MVp,Ryan Monty,Android,Rotkamm,False,The Ice Bowl,Time trial,27.99,Race
2021-04-07 17:45:14,https://drive.google.com/open?id=1Q86W8csmsS7_EVzyQb4a2-mZkCgds5id,Jamiemac,Android,Rotkamm,False,The Descender,High score,112.8,Triple Drop
2021-04-07 17:53:03,https://drive.google.com/open?id=1wFxjT4pPlY-PZ1uUI0HUXoEnlRMA13s-,Ryan Monty,Android,Rotkamm,False,Progressive Speed,Time trial,33.98,TTB
2021-04-08 08:00:35,https://drive.google.com/open?id=1oRnIoyEzzfNyeSZEQQTkgsB9-7ytW0bk,Jamiemac,Android,Rotkamm,False,Sending It,High score,29343.0,Open Trick
2021-04-09 09:32:21,https://drive.google.com/open?id=1GXL4yBRILF6Z-9rhbpeDFBCFWdJOrI_y,hschindele,iOS,Rotkamm,True,Progressive Speed,Time trial,31.68,TTB
2021-04-09 10:44:23,https://drive.google.com/open?id=15az-GUOlH0y9JxFDzSQnH8yr-E4n4Pfp,Skier50,iOS,Rotkamm,False,Corner Flight,High score,6.38,Airtime
2021-04-09 10:45:02,https://drive.google.com/open?id=1Ts3ifOb0T1DTnDDvU4mizwg6z6MfX52g,Skier50,iOS,Rotkamm,False,Rotkamm Jumper,High score,24087.0,Gated Trick
2021-04-09 10:45:43,https://drive.google.com/open?id=1UbfUxujNmzOzdDtArStDhjgwpsyi5jTk,Skier50,iOS,Rotkamm,False,Rotkamm Style I,High score,34301.0,Gated Trick
2021-04-09 10:46:35,https://drive.google.com/open?id=1S0oLus55m_P1z62jdIBGQw-uZ-j6SXFb,Skier50,iOS,Rotkamm,False,Pilgrim Run,High score,341.2,Distance
2021-04-09 10:47:15,https://drive.google.com/open?id=1CYtUKRMq1eJD92-2xuwQZp2EeMBckQya,Skier50,iOS,Rotkamm,False,Sending It,High score,22182.0,Open Trick
2021-04-09 10:48:00,https://drive.google.com/open?id=1r0k_tTYUCauK0cw4cNGOuFIHSxlhD6J5,Skier50,iOS,Rotkamm,False,Freeride Heaven,High score,26427.0,Open Trick
2021-04-09 15:34:46,https://drive.google.com/open?id=1dtWVaNKb6zhl7C63OSMEpnK-7uO1Lzww,Skier50,iOS,Rotkamm,True,Freeride Heaven,High score,35779.0,Open Trick
2021-04-11 07:46:55,https://drive.google.com/open?id=1LnSvHYETm9KjKv_Td02URX-AIJtsca6L,Pinsek,Android,Rotkamm,False,The Village Run,Time trial,27.77,Race
2021-04-11 08:10:59,https://drive.google.com/open?id=1mwtl5Mxg446SHxzVBLrdLG46IjsgDSLa,Pinsek,Android,Rotkamm,False,The River Jumps,Time trial,41.39,Race
2021-04-11 12:01:01,https://drive.google.com/open?id=1iS1Zc4gqqb3CEg294aR-2jvQkVF4idb6,Pinsek,Android,Rotkamm,False,The Ice Bowl,Time trial,28.16,Race
2021-04-11 12:01:57,https://drive.google.com/open?id=1l_ymbH2gChWckY0AUjWAQ4E_HlmmPWcM,Pinsek,Android,Rotkamm,False,Slippery Slope,Time trial,22.76,Trail
2021-04-11 12:05:35,https://drive.google.com/open?id=1TE8PRCpEuLPtPv3c4DsMNx7fCgAb_z8d,Pinsek,Android,Rotkamm,False,Precision Drops,Time trial,16.67,Trail
2021-04-11 12:45:34,https://drive.google.com/open?id=1GBo7c1E013KrXmJoAYVXuVwHqBLTHoo8,Pinsek,Android,Rotkamm,False,Dropping In,Time trial,20.63,Trail
2021-04-11 12:46:38,https://drive.google.com/open?id=1BD1JZB8dmO_wzNgu0n-PpOPI1NlhrpSn,Pinsek,Android,Rotkamm,False,The Ice Slope,Time trial,22.93,TTB
2021-04-11 12:53:23,https://drive.google.com/open?id=1B_3F_82AU7VbV53dhW1_y7eJg76qYXur,Pinsek,Android,Rotkamm,False,Staying Between The Stones,Time trial,25.66,Trail
2021-04-11 13:30:46,https://drive.google.com/open?id=1cBPgAaL_lR_sywJ8uViizh_glPAXKxZp,Pinsek,Android,Rotkamm,False,Progressive Speed,Time trial,36.33,TTB
2021-04-12 09:31:05,https://drive.google.com/open?id=10rGkmh-zXLfIqNi7B9W3pWB51ia1pr6J,Pinsek,Android,Rotkamm,False,Sketchy Bears,Time trial,23.67,Trail
2021-04-13 04:27:35,https://drive.google.com/open?id=19yRK_3jiqxHyxP_r9y2lsNmJqpLBL373,Avel,iOS,Rotkamm,False,Progressive Speed,Time trial,37.46,TTB
2021-04-16 15:42:06,https://drive.google.com/open?id=1rDEqv7xuZh8xGl1X6luhj1z3uDdssRJl,Skier50,iOS,Rotkamm,False,Sending It,High score,29215.0,Open Trick
2021-04-20 10:20:50,https://drive.google.com/open?id=1VlDu_5bXj1Si1QBBhN5OY27LCi83N43_,Skier50,iOS,Rotkamm,True,Sending It,High score,33759.0,Open Trick
2021-04-22 02:43:40,https://drive.google.com/open?id=1guo6u9zx3eB1zAelPm6dREuKICsSJEs9,Ryan Monty,Android,Rotkamm,False,Slippery Slope,Time trial,22.48,Trail
2021-04-23 19:41:21,https://drive.google.com/open?id=1TWw3cHzoARoT8wgyOD3gVHrKX77SppnM,Ryan Monty,Android,Rotkamm,False,Precision Drops,Time trial,16.19,Trail
2021-04-24 03:39:34,https://drive.google.com/open?id=1uUvTlSC7nIepqqsL7GuwmQi_nNb5bxji,Ryan Monty,Android,Rotkamm,False,The Broken Trail,Time trial,39.84,Race
2021-04-27 07:22:32,https://drive.google.com/open?id=1lA_kSjSDHLmPzND_ZgzdgMNkDEvXoL8A,Skier50,iOS,Rotkamm,True,Freeride Heaven,High score,42197.0,Open Trick
2021-04-27 07:23:35,https://drive.google.com/open?id=1sFlqoUsL7O7g_4qPjKiIgJ_vwyK83a3i,Skier50,iOS,Rotkamm,False,Rotkamm Jumper,High score,27696.0,Gated Trick
2021-04-30 04:11:02,https://drive.google.com/open?id=1YpABO3tvVCIRhA-aGMmQabl-WztzZ06l,Jamiemac,Android,Rotkamm,False,The Ice Slope,Time trial,22.29,TTB
2021-04-30 10:48:07,https://drive.google.com/open?id=1Ue4yF9lQohZoWwE7TShGiRt0BGoRacTu,Jamiemac,Android,Rotkamm,False,Freeride Heaven,High score,29333.0,Open Trick
2021-04-30 14:49:04,https://drive.google.com/open?id=1ADzE3XprpKTXpjywX-QTo-fPq6PtFYDz,Jamiemac,Android,Rotkamm,False,The Descender,High score,121.3,Triple Drop
2021-05-06 19:03:57,https://drive.google.com/open?id=1hA2jv4S4lZFbM6WB5XNbQKhrSd8e4VcF,Skier50,iOS,Rotkamm,True,Rotkamm Jumper,High score,32882.0,Gated Trick
2021-05-08 15:16:44,https://drive.google.com/open?id=1Ul1Kb2oF4MPUY18hTrqJ2Gb7KKSRfrCD,Skier50,iOS,Rotkamm,True,Rotkamm Style I,High score,52113.0,Gated Trick
2021-05-10 10:10:42,https://drive.google.com/open?id=1WZBBewBILYg_lDxs8ELQv3A2INzlzVvs,hschindele,iOS,Rotkamm,True,Staying Between The Stones,Time trial,23.87,Trail
2021-05-10 15:03:09,https://drive.google.com/open?id=1yhjU87QsgWcs6D3Z3vlZgik0dXh_sv1s,hschindele,iOS,Rotkamm,True,Slippery Slope,Time trial,21.75,Trail
2021-05-12 03:31:26,https://drive.google.com/open?id=1DoaA8iQc8lcw4oqps0rg3gByLC_8TF4p,Avel,iOS,Rotkamm,False,The Village Run,Time trial,27.93,Race
2021-05-12 03:32:20,https://drive.google.com/open?id=1ggEZZaahtYUM7sffo35QnuQJT44c9OMA,Avel,iOS,Rotkamm,False,The River Jumps,Time trial,41.08,Race
2021-05-12 03:33:54,https://drive.google.com/open?id=1is9N5MU_Oh3mEQijhPLdkRe6wjHNAbJK,Avel,iOS,Rotkamm,False,Skipping Icebergs,Time trial,28.36,Trail
2021-05-12 03:35:58,https://drive.google.com/open?id=1MErerNKm1VEzfPqFBjXDNXVUg8DKPneh,Avel,iOS,Rotkamm,False,Slippery Slope,Time trial,22.83,Trail
2021-05-13 11:08:40,https://drive.google.com/open?id=1j2eC7Ay_hNMLlH79BRwoJGI8Yk29a8Kb,Avel,iOS,Rotkamm,False,Gross Air,Time trial,9.32,Trail
2021-05-13 11:09:48,https://drive.google.com/open?id=1d3xD25v17VwBio-iUIfNZqgxeoYj8sYU,Avel,iOS,Rotkamm,False,The Rollercoaster,Time trial,31.24,Trail
2021-05-22 17:00:45,https://drive.google.com/open?id=1VKXgOqRPOZWZ82Xd_PBY6-rZmo5TTybN,hschindele,iOS,Rotkamm,True,The Ice Slope,Time trial,19.83,TTB
2021-05-23 04:00:45,https://drive.google.com/open?id=1d9w5J4bOFDmyfIlq3iiwGBG6xapzfvj2,massiv97,Android,Rotkamm,False,Freeride Heaven,High score,27075.0,Open Trick
2021-05-23 06:38:22,https://drive.google.com/open?id=14VfllhZ8SvHkw0AWi63JH2L_6eye_ESH,massiv97,Android,Rotkamm,False,Rotkamm Style I,High score,32173.0,Gated Trick
2021-05-24 01:55:05,https://drive.google.com/open?id=1pIA-KKtk1Ip-8NiUWtZfHl3_LJ783TRh,Avel,iOS,Rotkamm,False,Dropping In,Time trial,20.59,Trail
2021-05-25 09:40:36,https://drive.google.com/open?id=1MB9s8DtzJhDzX0X-QkD5VzhFgM0lt9AT,Mountain_Greg,Android,Rotkamm,False,Freeride Heaven,High score,22838.0,Open Trick
2021-05-25 09:41:20,https://drive.google.com/open?id=14lR_Xb9FdCI52m_PjOR2fGUa7rAROvjF,Mountain_Greg,Android,Rotkamm,False,Rotkamm Jumper,High score,25342.0,Gated Trick
2021-05-25 09:41:54,https://drive.google.com/open?id=1dknOw0GY2O02lFE7uMxCmttEJXQ4l8oA,Mountain_Greg,Android,Rotkamm,False,Rotkamm Style I,High score,30525.0,Gated Trick
2021-05-25 09:42:30,https://drive.google.com/open?id=1X4MphutCzJZK_dVnl25NcdUjfvsH90Sr,Mountain_Greg,Android,Rotkamm,False,Sending It,High score,24643.0,Open Trick
2021-05-25 09:43:04,https://drive.google.com/open?id=11Y95zwJBwHNwjK29HqhfJTrU9RFbOplW,Mountain_Greg,Android,Rotkamm,True,The Ice Slope,Time trial,19.8,TTB
2021-05-25 14:41:53,https://drive.google.com/open?id=1NtJUppqcMJZvpQh5_xkxPxrT2ZRp28D_,Mountain_Greg,Android,Rotkamm,False,Freeride Heaven,High score,29647.0,Open Trick
2021-05-29 03:37:40,https://drive.google.com/open?id=1u0QbVx9iL8NN9cbOO13ZTu-vmRynLHC6,Avel,iOS,Rotkamm,False,Sketchy Bears,Time trial,22.83,Trail
2021-05-29 03:41:26,https://drive.google.com/open?id=1pSQSQQGUZRkwsgpoEg6_thuNS_3MbEBe,Avel,iOS,Rotkamm,False,Staying Between The Stones,Time trial,24.58,Trail
2021-05-30 05:06:24,https://drive.google.com/open?id=1yPGlioomuqJnlU2G7ObnqIfXDGQZghD6,massiv97,Android,Rotkamm,False,Rotkamm Jumper,High score,24497.0,Gated Trick
2021-05-30 20:43:31,https://drive.google.com/open?id=1X_UTXSMOoUBAyWBmXMOa-j0uopL8T4d3,Skier50,iOS,Rotkamm,False,Sketchy Bears,Time trial,23.91,Trail
2021-06-04 06:13:30,https://drive.google.com/open?id=1nD2okbAtdQzQk8wL2XQ1YRBrcvzhtlyE,Skier50,iOS,Rotkamm,False,The River Jumps,Time trial,40.65,Race
2021-06-04 09:50:56,https://drive.google.com/open?id=1GTixvaFi84VQW-foiNi77TIPEKcoiBmK,Skier50,iOS,Rotkamm,False,The River Jumps,Time trial,40.65,Race
2021-06-07 02:49:48,https://drive.google.com/open?id=1j-pt4BRTtAJ-NoNTAKv_AE4OtDSZxQbp,Avel,iOS,Rotkamm,False,The Ice Slope,Time trial,22.43,TTB
2021-06-07 02:51:32,https://drive.google.com/open?id=1L59CNhy00jPdYr8tJi_cXbu63dL270Gb,Avel,iOS,Rotkamm,False,Progressive Speed,Time trial,36.83,TTB
2021-06-07 06:57:18,https://drive.google.com/open?id=1RB7yEMEtRlPsz2ywUFeDT486DmqOcr3j,Avel,iOS,Rotkamm,False,Precision Drops,Time trial,16.15,Trail
2021-06-08 16:16:42,https://drive.google.com/open?id=1AIPk7g-qSVuFOka3FpZAyGkKSfaaeqtL,Jamiemac,Android,Rotkamm,False,The Ice Slope,Time trial,21.22,TTB
2021-06-17 10:35:57,https://drive.google.com/open?id=1OSaMZtRkX_PwX8YsTImX7EKBaC2_XwnA,hschindele,iOS,Rotkamm,True,Precision Drops,Time trial,15.42,Trail
2021-06-21 09:39:34,https://drive.google.com/open?id=1coomKFYHsAXdGCzdnRf7xYYPlkW8STjU,hschindele,iOS,Rotkamm,True,The Pockets,Time trial,40.32,Trail
2021-06-26 03:55:17,https://drive.google.com/open?id=1g16awAQ8T8hVTb_daXWuxkZ1thW3UaoA,Mountain_Greg,Android,Rotkamm,False,The Pockets,Time trial,40.65,Trail
2021-06-30 19:06:31,https://drive.google.com/open?id=12DhsnM3sJv_xnhjH3JqEIO5RCnyEjeOm,Skier50,iOS,Rotkamm,False,The Pockets,Time trial,40.68,Trail
2021-06-30 19:23:18,https://drive.google.com/open?id=1J53-yJitD15EozpScwJgVlnTmQcVf7Lg,Skier50,iOS,Rotkamm,True,Sending It,High score,43459.0,Open Trick
2021-07-05 21:12:38,https://drive.google.com/open?id=1YYxIU_R4p2CGvNbk9OzOS2BAoQXlC5w-,Skier50,iOS,Rotkamm,True,Rotkamm Style I,High score,53932.0,Gated Trick
2021-07-09 11:37:55,https://drive.google.com/open?id=1bGTe4mV8ygCHxro7V3SKJ731u__4FOiO,Skier50,iOS,Rotkamm,True,Rotkamm Jumper,High score,35446.0,Gated Trick
2021-07-15 04:07:03,https://drive.google.com/open?id=1KWlC6otJpfLL7U5cNVTTU_XVczADb3Dh,massiv97,Android,Rotkamm,False,The Ice Slope,Time trial,21.96,TTB
2020-02-02 14:49:01,https://drive.google.com/open?id=1ym8OJSnHPA_oZicC0WFIlbh1vNjLUH6a,Bramspr,iOS,Rotkamm,True,The Descender,High score,90.0,Triple Drop
2020-02-02 21:32:23,https://drive.google.com/open?id=14zTOHe1k68HdIeKSv-ql2JJJvflPD1JI,waxton,Android,Rotkamm,True,The Village Run,Time trial,28.71,Race
2020-02-05 07:37:37,https://drive.google.com/open?id=1bBLyxM6iAQDzvKFlnu-Iz3z2nFGDENJa,Bramspr,iOS,Rotkamm,True,Corner Flight,High score,5.0,Airtime
2020-03-02 18:35:15,https://drive.google.com/open?id=12bdA2dUrufMerDhFN5wlU9xgh4mzMmcu,BouncyJello,Android,Rotkamm,True,The Village Run,Time trial,27.58,Race
2020-03-16 16:22:58,https://drive.google.com/open?id=1N7X5d4oUiQszkgW-c8OJBCE4AkC6HPqj,BouncyJello,Android,Rotkamm,True,Pilgrim Run,High score,329.0,Distance
2020-03-29 13:22:19,https://drive.google.com/open?id=10ebxEPBclQmDukWXOFemhtkceDle5UF9,hschindele,iOS,Rotkamm,True,Corner Flight,High score,7.0,Airtime
2020-03-31 18:38:03,https://drive.google.com/open?id=1cmO73PLAM7ECue-BxwQMeXU7Ds6KVczp,hschindele,iOS,Rotkamm,True,The Descender,High score,97.0,Triple Drop
2020-04-01 17:42:45,https://drive.google.com/open?id=1R54ExU42tkqciNFCgOjE9SSuhFSzcfSS,Lars Schrier,iOS,Rotkamm,True,The Green Glades,Time trial,17.08,Race
2020-04-01 17:49:27,https://drive.google.com/open?id=1qMJkWIH7kZG9ToRpU1a0Wl-aGsmlSAdr,hschindele,iOS,Rotkamm,True,The Green Glades,Time trial,16.95,Race
2020-04-02 02:47:58,https://drive.google.com/open?id=1uAQOxDyS9awTenQ18zTVlFD1QWl0qCJZ,Lars Schrier,iOS,Rotkamm,True,The Green Glades,Time trial,16.84,Race
2020-04-02 06:21:00,https://drive.google.com/open?id=1U7VgIbCFSOIyhtY_-QnQaUR1s1GszCX-,hschindele,iOS,Rotkamm,True,The Green Glades,Time trial,16.83,Race
2020-04-02 11:36:01,https://drive.google.com/open?id=14aews9VAeosYa_9PjrZqy9eJep0Ydekn,Lars Schrier,iOS,Rotkamm,True,The Green Glades,Time trial,16.77,Race
2020-04-04 16:59:43,https://drive.google.com/open?id=1NOzs6lDy5eN5-1etiULDrxrwDTbA0DXh,hschindele,iOS,Rotkamm,True,The Rollercoaster,Time trial,33.94,Trail
2020-04-05 20:45:10,https://drive.google.com/open?id=1mLsDRq_2YJI_JyqcpmbIG5Th9lOeaiqF,hschindele,iOS,Rotkamm,True,The Green Glades,Time trial,16.74,Race
2020-04-21 10:24:29,https://drive.google.com/open?id=12N9PPZo2txdPnnxuOoWZ5QxityNeqnfz,hschindele,iOS,Rotkamm,True,The Broken Trail,Time trial,40.21,Race
2020-04-24 11:58:18,https://drive.google.com/open?id=1WEG_pX0TNMM3HgtigATNqr8HHsoNDL4l,Lars Schrier,iOS,Rotkamm,True,Slippery Slope,Time trial,22.69,Trail
2020-04-24 13:15:53,https://drive.google.com/open?id=1-OGo2EjIQXaNXg5m407UonEJ2v9XWvaT,Lars Schrier,iOS,Rotkamm,True,Sketchy Bears,Time trial,25.33,Trail
2020-04-24 16:09:15,https://drive.google.com/open?id=1xx-8G-dx2AOQkfywjGITOs6JH60maMR2,hschindele,iOS,Rotkamm,True,The River Jumps,Time trial,42.63,Race
2020-04-24 16:10:03,https://drive.google.com/open?id=1l5976gn632lBg9AWLXGdAgNoN1THWNat,hschindele,iOS,Rotkamm,True,Skipping Icebergs,Time trial,28.59,Trail
2020-04-24 16:11:02,https://drive.google.com/open?id=182WoJrYMiCREfQwZD_f-r8BcteT9vsOr,hschindele,iOS,Rotkamm,True,Gross Air,Time trial,9.69,Trail
2020-04-24 16:12:15,https://drive.google.com/open?id=1hjLJk_JOIZXntr3HZqfsOnoakuabNjjv,hschindele,iOS,Rotkamm,True,Precision Drops,Time trial,17.18,Trail
2020-04-24 16:13:21,https://drive.google.com/open?id=1XKe1Oh6jC8VUPOF6K1upai5yx2rqm-hW,hschindele,iOS,Rotkamm,True,Dropping In,Time trial,23.73,Trail
2020-04-24 16:14:02,https://drive.google.com/open?id=1QWIy-OcZHuf4j0e2qAQnXNc9Ll5qHsQ-,hschindele,iOS,Rotkamm,True,Staying Between The Stones,Time trial,25.91,Trail
2020-04-25 01:55:48,https://drive.google.com/open?id=1iWXe5TSbZ12I0lD040KeGDrTDhx3YAjj,DeathSpawned,Android,Rotkamm,True,The Descender,High score,106.0,Triple Drop
2020-04-25 04:18:09,https://drive.google.com/open?id=19TsFWg3oReoOj8kCsJZzoYgfyDqvSheK,Lars Schrier,iOS,Rotkamm,True,Gross Air,Time trial,9.59,Trail
2020-04-26 21:27:40,https://drive.google.com/open?id=1eKiOiKyB5mdVmNwG1hbK-RzP9etNxjZH,hschindele,iOS,Rotkamm,True,The Descender,High score,108.7,Triple Drop
2020-04-26 21:32:49,https://drive.google.com/open?id=10kU4oiwPRH1hyP-nPEWiAsCg14fNjjp1,hschindele,iOS,Rotkamm,True,Gross Air,Time trial,9.56,Trail
2020-04-27 20:46:43,https://drive.google.com/open?id=1-fiL6r0N5v4NolHGeqnR64ntbdIJ-PCE,hschindele,iOS,Rotkamm,True,Gross Air,Time trial,9.46,Trail
2020-04-28 08:21:41,https://drive.google.com/open?id=1p6FrTmfmwabqge9T0y9lIyqiY-oSm6Y6,hschindele,iOS,Rotkamm,True,Pilgrim Run,High score,336.0,Distance
2020-04-28 12:09:03,https://drive.google.com/open?id=1MBF9exH3X4cPY_C6gWCfY0IcwvwFHUv3,Lars Schrier,iOS,Rotkamm,True,Dropping In,Time trial,21.41,Trail
2020-05-02 14:59:39,https://drive.google.com/open?id=1NMOUbq8rLjZ8J3UmoUrpGwd4GlRWPu8C,Lars Schrier,iOS,Rotkamm,True,Precision Drops,Time trial,16.96,Trail
2020-05-04 07:09:56,https://drive.google.com/open?id=1L1joXpyj6aXSuUSEIiecZpnSQMnwZdrV,DeathSpawned,Android,Rotkamm,True,The Descender,High score,113.1,Triple Drop
2020-05-06 11:04:02,https://drive.google.com/open?id=1MONXIcHYMTyZuuuH2b9dKb9y5xsgLO6o,DeathSpawned,Android,Rotkamm,True,The Broken Trail,Time trial,40.12,Race
2020-05-08 03:06:22,https://drive.google.com/open?id=1srNRGne9H9NphZNG2wFurcVZ__EXF56g,Lars Schrier,iOS,Rotkamm,True,The Rollercoaster,Time trial,33.86,Trail
2020-05-11 10:53:57,https://drive.google.com/open?id=1NRm0pL5tHi5JQXz5jRPFMrJ3Sck8vl-o,Lars Schrier,iOS,Rotkamm,True,The River Jumps,Time trial,41.34,Race
2020-05-13 05:16:50,https://drive.google.com/open?id=1Hag6vSuPj86Y8GQW3g--4LV2fQ58dzDM,Lars Schrier,iOS,Rotkamm,True,The Broken Trail,Time trial,40.04,Race
2020-05-15 02:39:55,https://drive.google.com/open?id=1ycf2R_PxCX_sblh-TOqxuLFrnczynP_K,Lars Schrier,iOS,Rotkamm,True,Gross Air,Time trial,9.41,Trail
2020-05-29 11:06:02,https://drive.google.com/open?id=1Hc1_TfgPZ0pPD7I32-hSn6IoR86OOJbt,LC43,Android,Rotkamm,True,Skipping Icebergs,Time trial,28.39,Trail
